"tract","Name","Household_Income_rP_gP_pall"
6037262301,"Los Angeles, CA",85044
6037265100,"Westwood, Los Angeles, CA",81626
6037262302,"Brentwood, Los Angeles, CA",77935
6037265420,"Westwood, Los Angeles, CA",76807
6037139801,"Tarzana, Los Angeles, CA",75027
6037261200,"Beverly Glen, Los Angeles, CA",74235
6037139802,"Tarzana, Los Angeles, CA",73614
6037139702,"Encino, Los Angeles, CA",71582
6037620301,"Manhattan Beach, CA",71516
6037464100,"San Marino, CA",71481
6037460800,"North Arroyo, Pasadena, CA",71100
6037700600,"Beverly Hills, CA",70857
6037262601,"Pacific Palisades, Los Angeles, CA",69838
6037141500,"Encino, Los Angeles, CA",69587
6037701201,"North of Montana, Santa Monica, CA",69157
6037261102,"Beverly Hills, CA",69112
6037194101,"Central LA, Los Angeles, CA",68206
6037139703,"Encino, Los Angeles, CA",67515
6037700700,"The Flats, Beverly Hills, CA",67429
6037262400,"Brentwood, Los Angeles, CA",67339
6037464200,"San Marino, CA",66926
6037300901,"Chevy Chase, Glendale, CA",66355
6037269500,"Beverlywood, Los Angeles, CA",65851
6037620305,"Manhattan Beach, CA",65798
6037262704,"Pacific Palisades, Los Angeles, CA",65677
6037269000,"Cheviot Hills, Los Angeles, CA",65609
6037189701,"Central LA, Los Angeles, CA",65570
6037276601,"Playa del Rey, Los Angeles, CA",65563
6037463800,"Northeast Los Angeles, Pasadena, CA",65309
6037262802,"Pacific Palisades, Santa Monica, CA",65034
6037262303,"Brentwood, Los Angeles, CA",63894
6037211000,"Central LA, Los Angeles, CA",63504
6037980024,"Encino, Los Angeles, CA",63396
6037271500,"Mar Vista, Los Angeles, CA",63305
6037701202,"Wilshire Montana, Santa Monica, CA",63153
6037265601,"Westwood, Los Angeles, CA",62796
6037264000,"Brentwood, Los Angeles, CA",62726
6037262501,"Pacific Palisades, Los Angeles, CA",62721
6037214100,"Central LA, Los Angeles, CA",62639
6037463900,"Northeast Los Angeles, Pasadena, CA",62543
6037480002,"San Gabriel, CA",62517
6037701304,"North of Montana, Santa Monica, CA",62470
6037480201,"San Gabriel, CA",62468
6037139701,"Encino, Los Angeles, CA",62369
6037214700,"Beverly Grove, Los Angeles, CA",62239
6037141400,"Encino, Los Angeles, CA",62035
6037143902,"Studio City, Los Angeles, CA",61785
6037278102,"Playa del Rey, Los Angeles, CA",61671
6037269300,"Cheviot Hills, Los Angeles, CA",61600
6037701601,"Northeast, Santa Monica, CA",61555
6037141600,"Sherman Oaks, Los Angeles, CA",61390
6037265510,"Westwood, Los Angeles, CA",61374
6037480500,"South Pasadena, CA",61073
6037300902,"Glenoaks Canyon, Glendale, CA",60985
6037464000,"Pasadena, CA",60875
6037188202,"Central LA, Los Angeles, CA",60870
6037139600,"Encino, Los Angeles, CA",60820
6037701000,"Beverly Hills, CA",60771
6037271600,"Mar Vista, Los Angeles, CA",60407
6037461700,"North Arroyo, Pasadena, CA",60383
6037265202,"Westwood, Los Angeles, CA",60008
6037265410,"Los Angeles, CA",59944
6037265700,"Westwood, Los Angeles, CA",59718
6037141202,"Sherman Oaks, Los Angeles, CA",59589
6037267100,"West Los Angeles, Los Angeles, CA",59534
6037530005,"South Montebello, Montebello, CA",59514
6037124000,"Valley Village, Los Angeles, CA",59445
6037482002,"Monterey Park, CA",58931
6037265201,"Westwood, Los Angeles, CA",58910
6037265602,"Westwood, Los Angeles, CA",58898
6037262604,"Pacific Palisades, Los Angeles, CA",58866
6037480702,"South Pasadena, CA",58826
6037276400,"Westchester, Los Angeles, CA",58728
6037620400,"Manhattan Beach, CA",58721
6037143602,"Studio City, Los Angeles, CA",58600
6037700801,"Beverly Hills, CA",58572
6037700901,"Central LA, Beverly Hills, CA",58571
6037262100,"Bel Air, Los Angeles, CA",58555
6037482001,"Monterey Park, CA",58068
6037267200,"West Los Angeles, Los Angeles, CA",57675
6037262200,"Bel Air, Los Angeles, CA",57651
6037274202,"Venice, Marina del Rey, CA",57459
6037194300,"Central LA, Los Angeles, CA",57450
6037124700,"Van Nuys, Los Angeles, CA",57393
6037194102,"Central LA, Los Angeles, CA",57268
6037700802,"Beverly Hills, CA",57196
6037189300,"Central LA, Los Angeles, CA",56588
6037143901,"Studio City, Los Angeles, CA",56577
6037463700,"South Arroyo, Pasadena, CA",56425
6037262706,"Pacific Palisades, Los Angeles, CA",56417
6037264302,"Brentwood, Los Angeles, CA",56318
6037481714,"Monterey Park, CA",56214
6037701302,"Wilshire Montana, Santa Monica, CA",55991
6037480202,"San Gabriel, CA",55579
6037276000,"Westchester, Los Angeles, CA",55577
6037143800,"Studio City, Los Angeles, CA",55281
6037480703,"South Pasadena, CA",55133
6037269100,"Pico - Robertson, Los Angeles, CA",55066
6037143400,"Studio City, Los Angeles, CA",55023
6037700902,"Beverly Hills, CA",54908
6037276500,"Westchester, Los Angeles, CA",54834
6037216402,"Central LA, Los Angeles, CA",54802
6037481800,"Alhambra, CA",54778
6037267902,"Rancho Park, Los Angeles, CA",54467
6037277000,"Westchester, Los Angeles, CA",54438
6037143500,"Studio City, Los Angeles, CA",54305
6037264301,"Brentwood, Los Angeles, CA",54290
6037482600,"Garvey, Monterey Park, CA",54273
6037264103,"Brentwood, Los Angeles, CA",54252
6037301701,"Pelanconi, Glendale, CA",54027
6037301100,"Rossmoyne, Glendale, CA",53882
6037271400,"Mar Vista, Los Angeles, CA",53633
6037194500,"Central LA, Los Angeles, CA",53621
6037602302,"HollyGlen, Hawthorne, CA",53597
6037463102,"Pasadena, CA",53380
6037267800,"West Los Angeles, Los Angeles, CA",53376
6037620001,"El Segundo, CA",53264
6037301000,"Woodbury, Glendale, CA",53259
6037261101,"Beverly Hills, CA",53003
6037267901,"Century City, Los Angeles, CA",52963
6037214902,"Central LA, Los Angeles, CA",52938
6037276604,"Playa del Rey, Los Angeles, CA",52857
6037192001,"Central LA, Los Angeles, CA",52537
6037207501,"Downtown, Los Angeles, CA",52451
6037271100,"West Los Angeles, Los Angeles, CA",52269
6037141700,"Sherman Oaks, Beverly Hills, CA",52201
6037481606,"Alhambra, CA",52161
6037482102,"Monterey Park, CA",52075
6037980010,"Echo Park, Los Angeles, CA",52045
6037143700,"Studio City, Los Angeles, CA",51931
6037620102,"El Segundo, CA",51880
6037462500,"Pasadena, CA",51879
6037701501,"Wilshire Montana, Santa Monica, CA",51825
6037141101,"Sherman Oaks, Los Angeles, CA",51821
6037700300,"Central LA, West Hollywood, CA",51671
6037189902,"Central LA, Los Angeles, CA",51590
6037620101,"El Segundo, CA",51587
6037620002,"El Segundo, CA",51316
6037125600,"North Hollywood, Los Angeles, CA",51234
6037189400,"Central LA, Los Angeles, CA",51221
6037211701,"Central LA, Los Angeles, CA",51086
6037700102,"Central LA, West Hollywood, CA",51006
6037480704,"South Pasadena, CA",50983
6037189905,"Central LA, Los Angeles, CA",50959
6037265520,"Westwood, Los Angeles, CA",50904
6037481713,"Monterey Park, CA",50896
6037189903,"Central LA, Los Angeles, CA",50860
6037216300,"Central LA, Los Angeles, CA",50810
6037311700,"Burbank, CA",50785
6037481500,"Alhambra, CA",50729
6037214901,"Beverly Grove, West Hollywood, CA",50560
6037124600,"Sherman Oaks, Los Angeles, CA",50553
6037141304,"Sherman Oaks, Los Angeles, CA",50543
6037700400,"Central LA, West Hollywood, CA",50486
6037181000,"Northeast Los Angeles, Los Angeles, CA",50444
6037214502,"Central LA, Los Angeles, CA",50264
6037189202,"Central LA, Los Angeles, CA",50245
6037207101,"Central LA, Los Angeles, CA",50208
6037192300,"Central LA, Los Angeles, CA",50202
6037482202,"Garvey, Monterey Park, CA",50175
6037481401,"San Gabriel, CA",49997
6037481603,"Alhambra, CA",49967
6037214600,"Central LA, Los Angeles, CA",49913
6037701902,"Downtown, Santa Monica, CA",49908
6037141102,"Sherman Oaks, Los Angeles, CA",49700
6037181300,"Northeast Los Angeles, Los Angeles, CA",49653
6037702700,"Park West, Culver City, CA",49598
6037211500,"Central LA, Los Angeles, CA",49515
6037481711,"Monterey Park, CA",49426
6037141302,"Sherman Oaks, Los Angeles, CA",49350
6037311500,"Magnolia Park, Burbank, CA",49236
6037702300,"Sunset Park, Santa Monica, CA",49232
6037271300,"Mar Vista, Los Angeles, CA",49217
6037481300,"Rosemead, CA",49174
6037194402,"Beverly Grove, Los Angeles, CA",49047
6037301204,"Verdugo Viejo, Glendale, CA",48956
6037530003,"South Montebello, Montebello, CA",48821
6037301900,"Downtown, Glendale, CA",48703
6037311400,"Burbank, CA",48680
6037301206,"Glenwood, Glendale, CA",48655
6037482502,"Garvey, Rosemead, CA",48609
6037702600,"Culver City, CA",48582
6037463300,"Pasadena, CA",48564
6037128910,"Sherman Oaks, Los Angeles, CA",48539
6037480302,"Alhambra, CA",48319
6037551000,"Downey, CA",48299
6037550800,"Downey, CA",48235
6037143300,"Studio City, Los Angeles, CA",48125
6037480102,"San Gabriel, CA",48041
6037463200,"Lamanda Park, Pasadena, CA",47750
6037702201,"Sunset Park, Santa Monica, CA",47749
6037194200,"Central LA, Los Angeles, CA",47742
6037481402,"San Gabriel, CA",47736
6037217001,"Pico - Robertson, Los Angeles, CA",47671
6037302004,"Citrus Grove, Glendale, CA",47521
6037186100,"Eagle Rock, Los Angeles, CA",47452
6037482101,"Monterey Park, CA",47359
6037551402,"Downey, CA",47324
6037700200,"Central LA, West Hollywood, CA",47263
6037481605,"Alhambra, CA",47207
6037481901,"Alhambra, CA",47194
6037271702,"Palms, Los Angeles, CA",47169
6037480400,"Alhambra, CA",46994
6037267404,"Sawtelle, Los Angeles, CA",46941
6037267402,"West Los Angeles, Los Angeles, CA",46871
6037207102,"Central LA, Los Angeles, CA",46856
6037277100,"Westchester, Los Angeles, CA",46796
6037481712,"Garvey, Monterey Park, CA",46742
6037274100,"Venice, Marina del Rey, CA",46716
6037276603,"Playa del Rey, Los Angeles, CA",46671
6037128702,"Sherman Oaks, Los Angeles, CA",46659
6037191902,"Central LA, Los Angeles, CA",46651
6037701402,"Wilshire Montana, Santa Monica, CA",46606
6037181600,"Northeast Los Angeles, Los Angeles, CA",46587
6037550602,"Downey, CA",46501
6037701602,"Mid-City, Santa Monica, CA",46469
6037302103,"Citrus Grove, Glendale, CA",46252
6037188300,"Atwater Village, Los Angeles, CA",46169
6037481001,"Alhambra, CA",46101
6037481604,"Alhambra, CA",46067
6037264102,"Brentwood, Los Angeles, CA",46058
6037207103,"Central LA, Los Angeles, CA",45881
6037482702,"South Montebello, Monterey Park, CA",45858
6037462600,"Pasadena, CA",45805
6037272100,"Mar Vista, Los Angeles, CA",45678
6037302102,"Somerset, Glendale, CA",45672
6037183104,"Northeast Los Angeles, Los Angeles, CA",45611
6037481103,"San Gabriel, CA",45600
6037480600,"South Pasadena, CA",45531
6037189102,"Central LA, Los Angeles, CA",45476
6037550700,"Downey, CA",45460
6037267502,"West Los Angeles, Los Angeles, CA",45411
6037186202,"Northeast Los Angeles, Los Angeles, CA",45410
6037125502,"North Hollywood, Los Angeles, CA",45302
6037301702,"Vineyard, Glendale, CA",45274
6037480303,"Alhambra, CA",45235
6037214000,"Central LA, Los Angeles, CA",45205
6037702202,"Sunset Park, Santa Monica, CA",44985
6037302003,"Citrus Grove, Glendale, CA",44967
6037197700,"Echo Park, Los Angeles, CA",44774
6037620201,"Manhattan Beach, CA",44752
6037462900,"Pasadena, CA",44747
6037481002,"Alhambra, CA",44724
6037463500,"Pasadena, CA",44708
6037195100,"Silver Lake, Los Angeles, CA",44708
6037702102,"Ocean Park, Santa Monica, CA",44630
6037603703,"Hawthorne, CA",44601
6037265303,"Westwood, Los Angeles, CA",44592
6037275101,"Culver City, CA",44553
6037216401,"Central LA, Los Angeles, CA",44526
6037702802,"McLaughlin, Los Angeles, CA",44510
6037702501,"Carlson Park, Culver City, CA",44424
6037463602,"Pasadena, CA",44410
6037480304,"Alhambra, CA",44408
6037482800,"South Montebello, Monterey Park, CA",44392
6037195202,"Central LA, Los Angeles, CA",44382
6037302301,"Moorpark, Glendale, CA",44377
6037267700,"Sawtelle, Los Angeles, CA",44362
6037271701,"Palms, Los Angeles, CA",44344
6037482201,"Monterey Park, CA",44312
6037271902,"Mar Vista, Los Angeles, CA",44261
6037702901,"Marina del Rey, CA",44258
6037192002,"Central LA, Los Angeles, CA",44195
6037188201,"Central LA, Los Angeles, CA",44118
6037212702,"Central LA, Los Angeles, CA",44101
6037189800,"Central LA, Los Angeles, CA",44074
6037603500,"Gardena, CA",43930
6037702801,"Clarkdale, Culver City, CA",43900
6037482402,"Garvey, Rosemead, CA",43725
6037480803,"Alhambra, CA",43698
6037217002,"Central LA, Los Angeles, CA",43679
6037463400,"Pasadena, CA",43655
6037183222,"Northeast Los Angeles, Los Angeles, CA",43653
6037141201,"Sherman Oaks, Los Angeles, CA",43587
6037480901,"Alhambra, CA",43538
6037141303,"Sherman Oaks, Los Angeles, CA",43529
6037211704,"Central LA, Los Angeles, CA",43514
6037271901,"Mar Vista, Los Angeles, CA",43487
6037181400,"Northeast Los Angeles, Los Angeles, CA",43447
6037551502,"Downey, CA",43327
6037482301,"Garvey, San Gabriel, CA",43316
6037187300,"Silver Lake, Los Angeles, CA",43289
6037143603,"North Hollywood, Los Angeles, CA",43279
6037550400,"Downey, CA",43262
6037462202,"Pasadena, CA",43259
6037311600,"Burbank, CA",43255
6037197200,"Echo Park, Los Angeles, CA",43105
6037480903,"Alhambra, CA",43071
6037301802,"Vineyard, Glendale, CA",43020
6037551501,"Downey, CA",42970
6037530006,"South Montebello, Montebello, CA",42955
6037187101,"Atwater Village, Los Angeles, CA",42939
6037700501,"Central LA, West Hollywood, CA",42894
6037530004,"South Montebello, Montebello, CA",42886
6037480804,"Alhambra, CA",42874
6037267600,"Sawtelle, Los Angeles, CA",42843
6037275311,"Los Angeles, CA",42826
6037275602,"Westchester, Los Angeles, CA",42798
6037214800,"Beverly Grove, Los Angeles, CA",42773
6037302002,"Downtown, Glendale, CA",42650
6037192410,"Central LA, Los Angeles, CA",42642
6037265305,"Westwood, Los Angeles, CA",42634
6037139502,"Encino, Los Angeles, CA",42618
6037143604,"Studio City, Los Angeles, CA",42564
6037186201,"Northeast Los Angeles, Los Angeles, CA",42547
6037185204,"Northeast Los Angeles, Los Angeles, CA",42545
6037302504,"Mariposa, Glendale, CA",42522
6037211703,"Central LA, Los Angeles, CA",42518
6037183401,"Northeast Los Angeles, Los Angeles, CA",42515
6037211420,"Central LA, Los Angeles, CA",42425
6037482304,"Garvey, Rosemead, CA",42402
6037143100,"Toluca Lake, Los Angeles, CA",42323
6037482503,"Garvey, Rosemead, CA",42275
6037273902,"Venice, Los Angeles, CA",42265
6037502801,"Santa Fe Springs, CA",42248
6037480802,"Alhambra, CA",42243
6037550601,"Downey, CA",42232
6037201302,"Northeast Los Angeles, Los Angeles, CA",42145
6037553100,"Bellflower, CA",42078
6037482701,"South Montebello, Monterey Park, CA",42064
6037302202,"Mariposa, Glendale, CA",42061
6037550902,"Downey, CA",42042
6037551800,"Downey, CA",41991
6037201601,"Northeast Los Angeles, Los Angeles, CA",41988
6037482303,"Garvey, Rosemead, CA",41913
6037481102,"San Gabriel, CA",41880
6037275400,"Los Angeles, CA",41842
6037302104,"Citrus Grove, Glendale, CA",41837
6037125200,"North Hollywood, Los Angeles, CA",41804
6037502402,"El Rancho, Pico Rivera, CA",41797
6037125100,"Valley Village, Los Angeles, CA",41704
6037275302,"Marina del Rey, CA",41695
6037701100,"West Los Angeles, Los Angeles, CA",41677
6037186404,"Glassell Park, Los Angeles, CA",41671
6037189600,"Central LA, Los Angeles, CA",41667
6037702502,"Culver City, CA",41642
6037481902,"Alhambra, CA",41622
6037553200,"Bellflower, CA",41611
6037702002,"Ocean Park, Santa Monica, CA",41609
6037502401,"El Rancho, Pico Rivera, CA",41605
6037181500,"Northeast Los Angeles, Los Angeles, CA",41571
6037186302,"Glassell Park, Los Angeles, CA",41551
6037189101,"Central LA, Los Angeles, CA",41519
6037482521,"South Montebello, Rosemead, CA",41483
6037212420,"Central LA, Los Angeles, CA",41472
6037273100,"Venice, Los Angeles, CA",41462
6037462800,"Lamanda Park, Pasadena, CA",41447
6037212701,"Central LA, Los Angeles, CA",41432
6037186203,"Northeast Los Angeles, Los Angeles, CA",41384
6037216100,"Central LA, Los Angeles, CA",41371
6037554001,"Bellflower, CA",41370
6037187102,"Atwater Village, Los Angeles, CA",41368
6037183702,"Northeast Los Angeles, Los Angeles, CA",41301
6037272301,"Mar Vista, Los Angeles, CA",41297
6037701502,"Downtown, Santa Monica, CA",41121
6037481202,"San Gabriel, CA",41102
6037212102,"Central LA, Los Angeles, CA",41046
6037533106,"Huntington Park, CA",41027
6037702400,"Lucerne - Higuera, Culver City, CA",41022
6037278001,"Westchester, Los Angeles, CA",41009
6037480902,"Alhambra, CA",40980
6037550500,"Downey, CA",40977
6037269907,"Palms, Los Angeles, CA",40972
6037502500,"El Rancho, Pico Rivera, CA",40960
6037189500,"Central LA, Los Angeles, CA",40914
6037554103,"Bellflower, CA",40847
6037216800,"Central LA, Los Angeles, CA",40835
6037199120,"Montecito Heights, Los Angeles, CA",40835
6037536102,"South Gate, CA",40816
6037302201,"Citrus Grove, Glendale, CA",40810
6037189904,"Central LA, Los Angeles, CA",40741
6037273402,"Venice, Los Angeles, CA",40724
6037553300,"Bellflower, CA",40666
6037552002,"Norwalk, CA",40592
6037125402,"North Hollywood, Los Angeles, CA",40549
6037195201,"Central LA, Los Angeles, CA",40533
6037195300,"Central LA, Los Angeles, CA",40479
6037267300,"West Los Angeles, Los Angeles, CA",40464
6037211803,"Central LA, Los Angeles, CA",40442
6037275603,"Culver City, CA",40396
6037551700,"Downey, CA",40392
6037551401,"Downey, CA",40359
6037195500,"Silver Lake, Los Angeles, CA",40323
6037311801,"Burbank, CA",40293
6037271801,"Palms, Los Angeles, CA",40271
6037201402,"Northeast Los Angeles, Los Angeles, CA",40207
6037552100,"Norwalk, CA",40170
6037550202,"Norwalk, CA",40155
6037602301,"Hawthorne, CA",40143
6037534501,"Huntington Park, CA",40142
6037553000,"Norwalk, CA",40119
6037269800,"Castle Heights, Los Angeles, CA",40113
6037552800,"Norwalk, CA",40030
6037143200,"West Toluca Lake, Los Angeles, CA",39984
6037185100,"Mount Washington, Los Angeles, CA",39967
6037551202,"Downey, CA",39964
6037212610,"Central LA, Los Angeles, CA",39938
6037302503,"Mariposa, Glendale, CA",39928
6037701701,"Mid-City, Santa Monica, CA",39907
6037502601,"El Rancho, Pico Rivera, CA",39892
6037550201,"Norwalk, CA",39865
6037502602,"El Rancho, Pico Rivera, CA",39843
6037199800,"Northeast Los Angeles, Los Angeles, CA",39837
6037551201,"Downey, CA",39830
6037302506,"Adams Hill, Glendale, CA",39791
6037214400,"Central LA, Los Angeles, CA",39767
6037213100,"Central LA, Los Angeles, CA",39755
6037206010,"Central LA, Los Angeles, CA",39753
6037301602,"Riverside Rancho, Glendale, CA",39747
6037273800,"Venice, Los Angeles, CA",39742
6037191820,"Central LA, Los Angeles, CA",39728
6037195600,"Los Angeles, CA",39675
6037301601,"Grandview, Glendale, CA",39669
6037183402,"Northeast Los Angeles, Los Angeles, CA",39625
6037199300,"Montecito Heights, Los Angeles, CA",39625
6037194401,"Beverly Grove, Los Angeles, CA",39625
6037462700,"Mid Central, Pasadena, CA",39619
6037482401,"Garvey, Rosemead, CA",39585
6037500800,"El Rancho, Pico Rivera, CA",39569
6037530102,"South Montebello, Montebello, CA",39566
6037214501,"Central LA, Los Angeles, CA",39544
6037214503,"Central LA, Los Angeles, CA",39534
6037602402,"Hawthorne, CA",39519
6037461902,"Pasadena, CA",39416
6037212800,"Central LA, Los Angeles, CA",39402
6037533502,"Huntington Park, CA",39374
6037700101,"Central LA, West Hollywood, CA",39365
6037192510,"Central LA, Los Angeles, CA",39361
6037125501,"North Hollywood, Los Angeles, CA",39322
6037552001,"Norwalk, CA",39297
6037462400,"Bungalow Heaven, Pasadena, CA",39295
6037703002,"Los Angeles, CA",39218
6037212306,"Central LA, Los Angeles, CA",39183
6037201700,"Northeast Los Angeles, Los Angeles, CA",39175
6037199400,"Mount Washington, Los Angeles, CA",39146
6037463601,"Pasadena, CA",39139
6037482522,"South Montebello, Montebello, CA",39012
6037195903,"Silver Lake, Los Angeles, CA",39009
6037197600,"Echo Park, Los Angeles, CA",39006
6037211410,"Central LA, Los Angeles, CA",38997
6037270200,"Palms, Los Angeles, CA",38987
6037500900,"El Rancho, Pico Rivera, CA",38926
6037195803,"Silver Lake, Los Angeles, CA",38925
6037191901,"Central LA, Los Angeles, CA",38908
6037536200,"South Gate, CA",38903
6037481101,"San Gabriel, CA",38883
6037551900,"Norwalk, CA",38812
6037189201,"Central LA, Los Angeles, CA",38785
6037188100,"Atwater Village, Los Angeles, CA",38767
6037208610,"Central LA, Los Angeles, CA",38717
6037201200,"Northeast Los Angeles, Los Angeles, CA",38705
6037267403,"West Los Angeles, Los Angeles, CA",38704
6037550300,"Norwalk, CA",38673
6037201503,"Northeast Los Angeles, Los Angeles, CA",38566
6037208501,"Central LA, Los Angeles, CA",38562
6037199201,"Montecito Heights, Los Angeles, CA",38537
6037207900,"Central LA, Los Angeles, CA",38529
6037302302,"Pacific - Edison, Glendale, CA",38514
6037533203,"Huntington Park, CA",38486
6037533503,"Huntington Park, CA",38476
6037701702,"Downtown, Santa Monica, CA",38348
6037602200,"Los Angeles, CA",38254
6037189702,"Hollywood Hills, Los Angeles, CA",38251
6037211804,"Central LA, Los Angeles, CA",38239
6037500700,"El Rancho, Pico Rivera, CA",38230
6037224410,"South Los Angeles, Los Angeles, CA",38216
6037530202,"South Montebello, Montebello, CA",38189
6037301801,"Vineyard, Glendale, CA",38142
6037269903,"Palms, Los Angeles, CA",38135
6037534802,"Huntington Park, CA",38110
6037183101,"Eagle Rock, Los Angeles, CA",38053
6037550901,"Downey, CA",38042
6037502301,"Whittier, CA",37999
6037201602,"Northeast Los Angeles, Los Angeles, CA",37930
6037195902,"Silver Lake, Los Angeles, CA",37912
6037530301,"East Los Angeles, CA",37860
6037535902,"South Gate, CA",37853
6037197410,"Echo Park, Los Angeles, CA",37844
6037213401,"Central LA, Los Angeles, CA",37828
6037271802,"Palms, Los Angeles, CA",37817
6037197300,"Echo Park, Los Angeles, CA",37765
6037601301,"Inglewood, CA",37728
6037190301,"Central LA, Los Angeles, CA",37719
6037183103,"Highland Park, Los Angeles, CA",37707
6037211120,"Central LA, Los Angeles, CA",37696
6037267501,"West Los Angeles, Los Angeles, CA",37690
6037532500,"Huntington Park, CA",37685
6037190520,"Central LA, Los Angeles, CA",37664
6037191302,"Central LA, Los Angeles, CA",37656
6037551101,"Downey, CA",37655
6037535901,"South Gate, CA",37625
6037536103,"South Gate, CA",37615
6037226002,"Central LA, Los Angeles, CA",37603
6037183620,"Northeast Los Angeles, Los Angeles, CA",37577
6037208710,"Central LA, Los Angeles, CA",37577
6037219500,"South Los Angeles, Los Angeles, CA",37565
6037269700,"Beverlywood, Los Angeles, CA",37527
6037530203,"South Montebello, Montebello, CA",37487
6037534700,"Huntington Park, CA",37482
6037601202,"Inglewood, CA",37468
6037211802,"Central LA, Los Angeles, CA",37450
6037603900,"Lawndale, CA",37438
6037553701,"Paramount, CA",37417
6037535605,"South Gate, CA",37406
6037183300,"Northeast Los Angeles, Los Angeles, CA",37389
6037531102,"Los Angeles, CA",37374
6037535701,"South Gate, CA",37325
6037532001,"South Montebello, Montebello, CA",37319
6037553400,"Downey, CA",37294
6037273600,"Venice, Los Angeles, CA",37270
6037199202,"Montecito Heights, Los Angeles, CA",37260
6037530101,"South Montebello, Montebello, CA",37236
6037192420,"Central LA, Los Angeles, CA",37181
6037212101,"Central LA, Los Angeles, CA",37168
6037195400,"Silver Lake, Los Angeles, CA",37164
6037980019,"Pacific Palisades, Los Angeles, CA",36991
6037191201,"Central LA, Los Angeles, CA",36981
6037530204,"South Montebello, Montebello, CA",36976
6037302401,"Tropico, Glendale, CA",36914
6037502700,"Santa Fe Springs, CA",36911
6037186403,"Atwater Village, Los Angeles, CA",36884
6037212620,"Central LA, Los Angeles, CA",36862
6037534502,"Huntington Park, CA",36854
6037183220,"Northeast Los Angeles, Los Angeles, CA",36846
6037535606,"South Gate, CA",36806
6037203500,"Boyle Heights, Los Angeles, CA",36754
6037199000,"Northeast Los Angeles, Los Angeles, CA",36719
6037191203,"Central LA, Los Angeles, CA",36707
6037191620,"Central LA, Los Angeles, CA",36699
6037195802,"Central LA, Los Angeles, CA",36686
6037535702,"South Gate, CA",36679
6037197500,"Echo Park, Los Angeles, CA",36661
6037191500,"Central LA, Los Angeles, CA",36659
6037197420,"Echo Park, Los Angeles, CA",36619
6037601402,"Inglewood, CA",36601
6037532303,"South Montebello, Commerce, CA",36594
6037602106,"Hawthorne, CA",36460
6037211121,"Central LA, Los Angeles, CA",36450
6037183221,"Northeast Los Angeles, Los Angeles, CA",36438
6037535604,"South Gate, CA",36419
6037201501,"Northeast Los Angeles, Los Angeles, CA",36364
6037211921,"Central LA, Los Angeles, CA",36275
6037553504,"Paramount, CA",36214
6037192620,"Central LA, Los Angeles, CA",36190
6037530602,"Los Angeles, CA",36159
6037601600,"Inglewood, CA",36136
6037190201,"Central LA, Los Angeles, CA",36122
6037183810,"Northeast Los Angeles, Los Angeles, CA",36119
6037215102,"Central LA, Los Angeles, CA",36107
6037216200,"Central LA, Los Angeles, CA",36105
6037531902,"South Montebello, East Los Angeles, CA",36044
6037185202,"Mount Washington, Los Angeles, CA",35988
6037540300,"Lynwood, CA",35946
6037206050,"Central LA, Los Angeles, CA",35921
6037701801,"Pico, Santa Monica, CA",35914
6037190401,"Central LA, Los Angeles, CA",35901
6037534406,"Cudahy, CA",35840
6037186301,"Atwater Village, Los Angeles, CA",35833
6037183510,"Northeast Los Angeles, Los Angeles, CA",35789
6037224700,"South Los Angeles, Los Angeles, CA",35767
6037201120,"Northeast Los Angeles, Los Angeles, CA",35766
6037275102,"Culver City, CA",35738
6037533804,"Bell, CA",35691
6037201401,"Northeast Los Angeles, Los Angeles, CA",35685
6037273700,"Venice, Los Angeles, CA",35625
6037183820,"Northeast Los Angeles, Los Angeles, CA",35618
6037535802,"South Gate, CA",35605
6037192520,"Central LA, Los Angeles, CA",35587
6037531504,"East Los Angeles, CA",35579
6037534203,"South Montebello, Bell Gardens, CA",35538
6037531800,"South Montebello, East Los Angeles, CA",35513
6037533902,"South Montebello, Bell Gardens, CA",35511
6037533601,"Bell, CA",35509
6037211922,"Central LA, Los Angeles, CA",35508
6037272201,"Mar Vista, Los Angeles, CA",35470
6037291130,"Harbor, Gardena, CA",35429
6037191301,"East Hollywood, Los Angeles, CA",35388
6037215101,"Central LA, Los Angeles, CA",35385
6037533501,"Huntington Park, CA",35326
6037535502,"South Gate, CA",35318
6037532102,"South Montebello, Montebello, CA",35272
6037533805,"Bell, CA",35271
6037532400,"Vernon, CA",35269
6037603001,"Gardena, CA",35265
6037269906,"Palms, Los Angeles, CA",35255
6037208802,"Central LA, Los Angeles, CA",35244
6037533401,"Maywood, CA",35217
6037185203,"Northeast Los Angeles, Los Angeles, CA",35214
6037531603,"East Los Angeles, CA",35205
6037204300,"Boyle Heights, Los Angeles, CA",35202
6037201301,"Montecito Heights, Los Angeles, CA",35171
6037190100,"Central LA, Los Angeles, CA",35123
6037530302,"South Montebello, East Los Angeles, CA",35114
6037533107,"Huntington Park, CA",35077
6037602103,"Hawthorne, CA",35069
6037221220,"Central LA, Los Angeles, CA",35059
6037201110,"Northeast Los Angeles, Los Angeles, CA",35029
6037531502,"East Los Angeles, CA",35015
6037535607,"South Gate, CA",35008
6037208301,"Central LA, Los Angeles, CA",35007
6037533702,"Maywood, CA",34993
6037209520,"Central LA, Los Angeles, CA",34968
6037190202,"Central LA, Los Angeles, CA",34965
6037212410,"Central LA, Los Angeles, CA",34959
6037500600,"El Rancho, Pico Rivera, CA",34952
6037190510,"Central LA, Los Angeles, CA",34934
6037269905,"Palms, Los Angeles, CA",34919
6037536104,"South Gate, CA",34918
6037534804,"Huntington Park, CA",34912
6037185320,"Northeast Los Angeles, Los Angeles, CA",34907
6037532304,"South Montebello, Commerce, CA",34885
6037204600,"Boyle Heights, Los Angeles, CA",34869
6037183520,"Northeast Los Angeles, Los Angeles, CA",34868
6037213201,"Central LA, Los Angeles, CA",34830
6037533901,"South Montebello, Bell Gardens, CA",34813
6037190802,"Central LA, Los Angeles, CA",34806
6037602404,"Hawthorne, CA",34787
6037236000,"Baldwin Hills, Los Angeles, CA",34786
6037203710,"Boyle Heights, Los Angeles, CA",34779
6037533001,"South Los Angeles, Los Angeles, CA",34778
6037535803,"South Gate, CA",34768
6037204110,"Boyle Heights, Los Angeles, CA",34723
6037187200,"Echo Park, Los Angeles, CA",34717
6037183610,"Highland Park, Los Angeles, CA",34714
6037535804,"South Gate, CA",34697
6037212305,"Central LA, Los Angeles, CA",34681
6037224420,"South Los Angeles, Los Angeles, CA",34681
6037183701,"Highland Park, Los Angeles, CA",34673
6037601700,"Inglewood, CA",34670
6037533403,"Maywood, CA",34652
6037302505,"Adams Hill, Glendale, CA",34649
6037530802,"Los Angeles, CA",34638
6037221210,"Central LA, Los Angeles, CA",34629
6037190801,"Central LA, Los Angeles, CA",34603
6037533803,"Bell, CA",34577
6037602002,"Hawthorne, CA",34573
6037191110,"Central LA, Los Angeles, CA",34571
6037600912,"Inglewood, CA",34566
6037186401,"Northeast Los Angeles, Los Angeles, CA",34547
6037195710,"Los Angeles, CA",34517
6037216900,"Central LA, Los Angeles, CA",34503
6037191610,"Central LA, Los Angeles, CA",34471
6037540102,"Lynwood, CA",34433
6037601502,"Inglewood, CA",34432
6037532101,"South Montebello, Montebello, CA",34431
6037275500,"Culver City, CA",34410
6037530601,"Los Angeles, CA",34372
6037211910,"Central LA, Los Angeles, CA",34349
6037540501,"Lynwood, CA",34333
6037540101,"Lynwood, CA",34311
6037209510,"Central LA, Los Angeles, CA",34307
6037216700,"Central LA, Los Angeles, CA",34269
6037208402,"Central LA, Los Angeles, CA",34253
6037531701,"South Montebello, East Los Angeles, CA",34241
6037199110,"Montecito Heights, Los Angeles, CA",34235
6037191710,"Central LA, Los Angeles, CA",34195
6037213320,"Central LA, Los Angeles, CA",34178
6037603801,"Lawndale, CA",34172
6037703200,"View Park, View Park-Windsor Hills, CA",34153
6037192700,"Central LA, Los Angeles, CA",34146
6037534403,"Cudahy, CA",34111
6037533402,"Maywood, CA",34103
6037234000,"Leimert Park, Los Angeles, CA",34076
6037212203,"Central LA, Los Angeles, CA",34069
6037532002,"South Montebello, Montebello, CA",34054
6037536000,"South Gate, CA",34020
6037208620,"Central LA, Los Angeles, CA",33996
6037201504,"Northeast Los Angeles, Los Angeles, CA",33970
6037601401,"Inglewood, CA",33964
6037195804,"Silver Lake, Los Angeles, CA",33953
6037535503,"South Gate, CA",33937
6037533703,"Maywood, CA",33930
6037602509,"Hawthorne, CA",33919
6037204810,"Boyle Heights, Los Angeles, CA",33913
6037204700,"Boyle Heights, Los Angeles, CA",33894
6037191810,"Central LA, Los Angeles, CA",33890
6037534803,"Huntington Park, CA",33877
6037535501,"South Gate, CA",33870
6037540202,"Lynwood, CA",33859
6037531702,"South Montebello, East Los Angeles, CA",33853
6037209402,"Central LA, Los Angeles, CA",33853
6037531201,"Los Angeles, CA",33842
6037553702,"Paramount, CA",33834
6037190902,"Central LA, Los Angeles, CA",33795
6037534001,"South Montebello, Bell Gardens, CA",33787
6037213310,"Central LA, Los Angeles, CA",33775
6037600703,"Morningside Park, Inglewood, CA",33770
6037533602,"Bell, CA",33764
6037533806,"Bell, CA",33751
6037204410,"Central LA, Los Angeles, CA",33732
6037211122,"Central LA, Los Angeles, CA",33722
6037601501,"Inglewood, CA",33705
6037535002,"South Los Angeles, Los Angeles, CA",33693
6037203300,"Northeast Los Angeles, Los Angeles, CA",33687
6037533701,"Maywood, CA",33678
6037540000,"Lynwood, CA",33678
6037203800,"Boyle Heights, Los Angeles, CA",33647
6037532606,"Huntington Park, CA",33594
6037191420,"Central LA, Los Angeles, CA",33592
6037271200,"Sawtelle, Los Angeles, CA",33589
6037602104,"Hawthorne, CA",33549
6037204120,"Central LA, Los Angeles, CA",33548
6037190402,"Central LA, Los Angeles, CA",33515
6037700502,"Central LA, West Hollywood, CA",33510
6037532302,"South Montebello, Los Angeles, CA",33509
6037191410,"Central LA, Los Angeles, CA",33509
6037272302,"Mar Vista, Los Angeles, CA",33486
6037534002,"South Montebello, Bell Gardens, CA",33486
6037208801,"Central LA, Los Angeles, CA",33465
6037535603,"South Gate, CA",33458
6037199900,"Montecito Heights, Los Angeles, CA",33442
6037533603,"Bell, CA",33434
6037531000,"Los Angeles, CA",33433
6037210010,"Central LA, Los Angeles, CA",33387
6037531301,"Los Angeles, CA",33383
6037702803,"Los Angeles, CA",33362
6037531602,"South Montebello, East Los Angeles, CA",33334
6037551102,"Downey, CA",33311
6037551300,"Downey, CA",33266
6037208401,"Central LA, Los Angeles, CA",33242
6037553503,"Paramount, CA",33226
6037208502,"Central LA, Los Angeles, CA",33213
6037211201,"Central LA, Los Angeles, CA",33184
6037534201,"South Montebello, Bell Gardens, CA",33176
6037553602,"Paramount, CA",33172
6037602004,"Inglewood, CA",33159
6037703001,"Fox Hills, Culver City, CA",33150
6037530901,"Los Angeles, CA",33148
6037191204,"Central LA, Los Angeles, CA",33140
6037531302,"Los Angeles, CA",33127
6037534404,"Cudahy, CA",33105
6037224320,"Central LA, Los Angeles, CA",33094
6037221602,"Central LA, Los Angeles, CA",33057
6037218120,"Central LA, Los Angeles, CA",33049
6037532605,"Huntington Park, CA",33027
6037531901,"South Montebello, East Los Angeles, CA",32999
6037269602,"Central LA, Los Angeles, CA",32962
6037222200,"South Los Angeles, Los Angeles, CA",32935
6037500500,"El Rancho, Pico Rivera, CA",32922
6037276100,"Los Angeles, CA",32913
6037534202,"South Montebello, Bell Gardens, CA",32897
6037269904,"Palms, Los Angeles, CA",32888
6037541802,"Lynwood, CA",32880
6037192610,"Central LA, Los Angeles, CA",32870
6037533202,"Huntington Park, CA",32832
6037534102,"South Montebello, Bell Gardens, CA",32813
6037185310,"Northeast Los Angeles, Los Angeles, CA",32802
6037199700,"Central LA, Los Angeles, CA",32797
6037530902,"Los Angeles, CA",32795
6037218800,"Central LA, Los Angeles, CA",32788
6037190901,"Central LA, Los Angeles, CA",32775
6037534301,"Cudahy, CA",32770
6037125401,"North Hollywood, Los Angeles, CA",32745
6037542104,"East Compton, CA",32703
6037533105,"Huntington Park, CA",32675
6037213202,"Central LA, Los Angeles, CA",32671
6037221601,"Jefferson, Los Angeles, CA",32667
6037211320,"Central LA, Los Angeles, CA",32641
6037540201,"South Gate, CA",32627
6037221820,"Jefferson, Los Angeles, CA",32625
6037602105,"Hawthorne, CA",32622
6037540203,"Lynwood, CA",32612
6037534900,"South Los Angeles, Los Angeles, CA",32576
6037277200,"Westchester, Los Angeles, CA",32544
6037212202,"Central LA, Los Angeles, CA",32525
6037602403,"Hawthorne, CA",32517
6037204820,"Boyle Heights, Los Angeles, CA",32488
6037541801,"Lynwood, CA",32458
6037533300,"Maywood, CA",32451
6037541700,"Lynwood, CA",32444
6037203720,"Boyle Heights, Los Angeles, CA",32431
6037221402,"Central LA, Los Angeles, CA",32424
6037231720,"South Figueroa Corridor, Los Angeles, CA",32411
6037532700,"South Los Angeles, Los Angeles, CA",32407
6037534405,"Cudahy, CA",32364
6037601802,"Inglewood, CA",32356
6037535300,"South Los Angeles, Los Angeles, CA",32336
6037221120,"Central LA, Los Angeles, CA",32312
6037530700,"Los Angeles, CA",32268
6037213402,"Central LA, Los Angeles, CA",32248
6037532604,"Huntington Park, CA",32233
6037224200,"Central LA, Los Angeles, CA",32227
6037203200,"Boyle Heights, Los Angeles, CA",32223
6037532200,"South Montebello, Montebello, CA",32220
6037531202,"Los Angeles, CA",32217
6037235100,"Park Mesa Heights, Los Angeles, CA",32191
6037462302,"Pasadena, CA",32189
6037530400,"Monterey Park, CA",32162
6037212900,"Central LA, Los Angeles, CA",32147
6037217200,"Central LA, Los Angeles, CA",32135
6037531101,"Los Angeles, CA",32135
6037601212,"Inglewood, CA",32051
6037602003,"Inglewood, CA",32051
6037533201,"Huntington Park, CA",32022
6037602900,"Gardena, CA",32015
6037600911,"Inglewood, CA",31987
6037208000,"Central LA, Los Angeles, CA",31949
6037203900,"Boyle Heights, Los Angeles, CA",31929
6037275200,"Los Angeles, CA",31928
6037228410,"South Los Angeles, Los Angeles, CA",31909
6037191720,"Central LA, Los Angeles, CA",31869
6037218400,"Central LA, Los Angeles, CA",31865
6037530801,"Los Angeles, CA",31857
6037239601,"South Los Angeles, Los Angeles, CA",31853
6037221110,"Central LA, Los Angeles, CA",31839
6037209403,"Central LA, Los Angeles, CA",31815
6037224020,"South Los Angeles, Los Angeles, CA",31785
6037462100,"North Central, Pasadena, CA",31778
6037531503,"East Los Angeles, CA",31761
6037204910,"Boyle Heights, Los Angeles, CA",31746
6037212303,"Central LA, Los Angeles, CA",31743
6037226420,"South Los Angeles, Los Angeles, CA",31675
6037221900,"South Los Angeles, Los Angeles, CA",31662
6037190700,"Central LA, Los Angeles, CA",31641
6037221710,"Jefferson, Los Angeles, CA",31633
6037270100,"Palms, Los Angeles, CA",31626
6037231800,"South Figueroa Corridor, Los Angeles, CA",31613
6037553601,"Paramount, CA",31599
6037226410,"South Los Angeles, Los Angeles, CA",31595
6037207301,"Central LA, Los Angeles, CA",31573
6037208302,"Central LA, Los Angeles, CA",31571
6037209300,"Central LA, Los Angeles, CA",31564
6037532900,"South Los Angeles, Los Angeles, CA",31548
6037229100,"Central Alameda, Los Angeles, CA",31505
6037553502,"Paramount, CA",31501
6037203600,"Boyle Heights, Los Angeles, CA",31459
6037205110,"Boyle Heights, Los Angeles, CA",31438
6037195720,"Echo Park, Los Angeles, CA",31429
6037272202,"Mar Vista, Los Angeles, CA",31427
6037219901,"Los Angeles, CA",31416
6037601801,"Inglewood, CA",31372
6037228420,"South Los Angeles, Los Angeles, CA",31366
6037204200,"Boyle Heights, Los Angeles, CA",31362
6037209102,"Central LA, Los Angeles, CA",31355
6037203100,"Northeast Los Angeles, Los Angeles, CA",31349
6037603005,"Gardena, CA",31345
6037236400,"Baldwin Hills, Los Angeles, CA",31287
6037207710,"Central LA, Los Angeles, CA",31245
6037600501,"Inglewood, CA",31202
6037541001,"Gardena, CA",31184
6037195901,"Silver Lake, Los Angeles, CA",31148
6037534302,"Cudahy, CA",31130
6037218701,"Central LA, Los Angeles, CA",31111
6037462301,"Pasadena, CA",31111
6037208904,"Central LA, Los Angeles, CA",31061
6037239502,"South Los Angeles, Los Angeles, CA",31047
6037212502,"Central LA, Los Angeles, CA",31044
6037220100,"South Los Angeles, Los Angeles, CA",31037
6037239320,"South Los Angeles, Los Angeles, CA",31024
6037530500,"East Los Angeles, CA",31018
6037211310,"Central LA, Los Angeles, CA",31012
6037291120,"Harbor, Gardena, CA",31006
6037531604,"East Los Angeles, CA",31004
6037219010,"South Los Angeles, Los Angeles, CA",30982
6037601002,"Inglewood, CA",30981
6037602700,"Hawthorne, CA",30893
6037221303,"Central LA, Los Angeles, CA",30886
6037532603,"Huntington Park, CA",30881
6037221500,"South Los Angeles, Los Angeles, CA",30851
6037228310,"South Los Angeles, Los Angeles, CA",30848
6037211202,"Central LA, Los Angeles, CA",30840
6037461600,"North Central, Pasadena, CA",30807
6037533104,"Huntington Park, CA",30795
6037191000,"Central LA, Los Angeles, CA",30770
6037701802,"Pico, Santa Monica, CA",30754
6037222001,"Jefferson, Los Angeles, CA",30713
6037219800,"Los Angeles, CA",30696
6037218220,"Central LA, Los Angeles, CA",30672
6037227010,"South Los Angeles, Los Angeles, CA",30665
6037534101,"South Montebello, Bell Gardens, CA",30614
6037533002,"South Los Angeles, Los Angeles, CA",30612
6037204920,"Boyle Heights, Los Angeles, CA",30597
6037600502,"Inglewood, CA",30539
6037231500,"Leimert Park, Los Angeles, CA",30515
6037540502,"Lynwood, CA",30493
6037703100,"View Park, View Park-Windsor Hills, CA",30482
6037206031,"Arts District, Los Angeles, CA",30477
6037191120,"Central LA, Los Angeles, CA",30464
6037535001,"South Los Angeles, Los Angeles, CA",30402
6037221302,"Central LA, Los Angeles, CA",30385
6037228100,"South Los Angeles, Los Angeles, CA",30377
6037219300,"Jefferson, Los Angeles, CA",30306
6037241300,"Harbor Gateway North, Los Angeles, CA",30296
6037205120,"Central LA, Los Angeles, CA",30236
6037462001,"North Central, Pasadena, CA",30186
6037535101,"South Los Angeles, Los Angeles, CA",30180
6037212204,"Central LA, Los Angeles, CA",30147
6037222500,"South Los Angeles, Los Angeles, CA",30139
6037212501,"Central LA, Los Angeles, CA",30136
6037217100,"Central LA, Los Angeles, CA",30128
6037603704,"Hawthorne, CA",30069
6037207502,"Downtown, Los Angeles, CA",30026
6037601900,"Inglewood, CA",29968
6037237401,"South Los Angeles, Los Angeles, CA",29944
6037218500,"Central LA, Los Angeles, CA",29934
6037461901,"Pasadena, CA",29926
6037541500,"South Los Angeles, Compton, CA",29905
6037222100,"South Los Angeles, Los Angeles, CA",29850
6037273200,"Venice, Los Angeles, CA",29841
6037228600,"South Los Angeles, Los Angeles, CA",29826
6037226700,"South Los Angeles, Los Angeles, CA",29820
6037218702,"Jefferson, Los Angeles, CA",29820
6037602802,"South Los Angeles, Los Angeles, CA",29818
6037218110,"Central LA, Los Angeles, CA",29805
6037218600,"Central LA, Los Angeles, CA",29735
6037218300,"Central LA, Los Angeles, CA",29715
6037219902,"Los Angeles, CA",29699
6037229300,"South Figueroa Corridor, Los Angeles, CA",29675
6037204420,"Boyle Heights, Los Angeles, CA",29671
6037535102,"South Los Angeles, Los Angeles, CA",29662
6037239602,"South Los Angeles, Los Angeles, CA",29638
6037229200,"South Los Angeles, Los Angeles, CA",29617
6037229420,"South Los Angeles, Los Angeles, CA",29611
6037542602,"Compton, CA",29524
6037602508,"Hawthorne, CA",29517
6037239202,"South Los Angeles, Los Angeles, CA",29515
6037231300,"South Los Angeles, Los Angeles, CA",29495
6037602504,"Hawthorne, CA",29491
6037270300,"Central LA, Los Angeles, CA",29483
6037219700,"Jefferson, Los Angeles, CA",29482
6037243000,"South Los Angeles, Los Angeles, CA",29467
6037239201,"South Los Angeles, Los Angeles, CA",29391
6037542000,"Compton, CA",29354
6037231900,"South Figueroa Corridor, Los Angeles, CA",29350
6037227020,"South Los Angeles, Los Angeles, CA",29295
6037212304,"Central LA, Los Angeles, CA",29286
6037228320,"South Los Angeles, Los Angeles, CA",29281
6037601001,"Inglewood, CA",29280
6037269601,"Central LA, Los Angeles, CA",29274
6037228500,"South Figueroa Corridor, Los Angeles, CA",29272
6037221810,"South Los Angeles, Los Angeles, CA",29262
6037542601,"Compton, CA",29236
6037228210,"South Los Angeles, Los Angeles, CA",29199
6037222002,"South Los Angeles, Los Angeles, CA",29185
6037600902,"Inglewood, CA",29171
6037209401,"Central LA, Los Angeles, CA",29148
6037533103,"Huntington Park, CA",29120
6037231600,"South Los Angeles, Los Angeles, CA",29076
6037231210,"South Los Angeles, Los Angeles, CA",29053
6037240200,"South Los Angeles, Los Angeles, CA",29019
6037237102,"South Figueroa Corridor, Los Angeles, CA",29018
6037542700,"Compton, CA",28996
6037209104,"Central LA, Los Angeles, CA",28992
6037602801,"South Los Angeles, Los Angeles, CA",28952
6037237202,"South Los Angeles, Los Angeles, CA",28936
6037532800,"South Los Angeles, Los Angeles, CA",28850
6037234600,"Park Mesa Heights, Los Angeles, CA",28824
6037601211,"Inglewood, CA",28755
6037602600,"Gardena, CA",28726
6037541604,"Compton, CA",28718
6037208902,"Central LA, Los Angeles, CA",28686
6037228220,"South Los Angeles, Los Angeles, CA",28665
6037228800,"Central Alameda, Los Angeles, CA",28631
6037541400,"South Los Angeles, Compton, CA",28615
6037601100,"Inglewood, CA",28581
6037232110,"South Figueroa Corridor, Los Angeles, CA",28571
6037231220,"South Figueroa Corridor, Los Angeles, CA",28551
6037540400,"South Los Angeles, Los Angeles, CA",28550
6037237800,"South Los Angeles, Los Angeles, CA",28446
6037540800,"South Los Angeles, Los Angeles, CA",28428
6037239310,"South Los Angeles, Los Angeles, CA",28412
6037232600,"South Los Angeles, Los Angeles, CA",28405
6037239802,"South Los Angeles, Los Angeles, CA",28398
6037237101,"South Figueroa Corridor, Los Angeles, CA",28384
6037462201,"Pasadena, CA",28354
6037239501,"South Los Angeles, Los Angeles, CA",28323
6037222600,"South Los Angeles, Los Angeles, CA",28253
6037221304,"Central LA, Los Angeles, CA",28233
6037600704,"Morningside Park, Inglewood, CA",28188
6037239702,"South Los Angeles, Los Angeles, CA",28180
6037228720,"South Los Angeles, Los Angeles, CA",28141
6037238400,"South Los Angeles, Los Angeles, CA",28132
6037237402,"South Los Angeles, Los Angeles, CA",28117
6037229410,"South Los Angeles, Los Angeles, CA",28115
6037206032,"Central LA, Los Angeles, CA",28096
6037221401,"Jefferson, Los Angeles, CA",28078
6037242200,"South Los Angeles, Los Angeles, CA",28074
6037232120,"South Los Angeles, Los Angeles, CA",28071
6037277400,"Los Angeles, CA",28025
6037232700,"South Figueroa Corridor, Los Angeles, CA",28021
6037224010,"Central LA, Los Angeles, CA",28013
6037232800,"South Figueroa Corridor, Los Angeles, CA",27975
6037224600,"South Figueroa Corridor, Los Angeles, CA",27958
6037239330,"South Los Angeles, Los Angeles, CA",27893
6037600802,"Morningside Park, Inglewood, CA",27828
6037535400,"South Los Angeles, Los Angeles, CA",27749
6037234800,"Park Mesa Heights, Los Angeles, CA",27746
6037535200,"South Los Angeles, Los Angeles, CA",27737
6037600304,"South Los Angeles, Los Angeles, CA",27657
6037232300,"South Los Angeles, Los Angeles, CA",27630
6037218900,"Jefferson, Los Angeles, CA",27623
6037219020,"South Los Angeles, Los Angeles, CA",27614
6037602507,"Hawthorne, CA",27592
6037600801,"Morningside Park, Inglewood, CA",27569
6037218210,"Central LA, Los Angeles, CA",27549
6037208720,"Central LA, Los Angeles, CA",27524
6037542103,"Compton, CA",27500
6037232400,"South Los Angeles, Los Angeles, CA",27490
6037238310,"South Figueroa Corridor, Los Angeles, CA",27488
6037226001,"South Los Angeles, Los Angeles, CA",27458
6037600201,"South Los Angeles, Los Angeles, CA",27416
6037206200,"Central LA, Los Angeles, CA",27402
6037541606,"Compton, CA",27397
6037237720,"South Figueroa Corridor, Los Angeles, CA",27301
6037462002,"North Central, Pasadena, CA",27297
6037273300,"Venice, Los Angeles, CA",27258
6037234502,"South Los Angeles, Los Angeles, CA",27230
6037231100,"South Los Angeles, Los Angeles, CA",27210
6037220000,"Jefferson, Los Angeles, CA",27183
6037541605,"Compton, CA",27171
6037601303,"Inglewood, CA",27156
6037242700,"South Los Angeles, Los Angeles, CA",27148
6037240020,"South Los Angeles, Los Angeles, CA",27106
6037240900,"South Los Angeles, Los Angeles, CA",27072
6037237600,"South Figueroa Corridor, Los Angeles, CA",27044
6037541100,"Compton, CA",26994
6037240300,"South Los Angeles, Los Angeles, CA",26980
6037209810,"Central LA, Los Angeles, CA",26978
6037234200,"Leimert Park, Los Angeles, CA",26975
6037234300,"Leimert Park, Los Angeles, CA",26944
6037540901,"South Los Angeles, Los Angeles, CA",26896
6037232500,"South Los Angeles, Los Angeles, CA",26874
6037542800,"Compton, CA",26850
6037228710,"Central Alameda, Los Angeles, CA",26771
6037541300,"Compton, CA",26770
6037209820,"Central LA, Los Angeles, CA",26742
6037239701,"South Los Angeles, Los Angeles, CA",26721
6037241120,"South Los Angeles, Los Angeles, CA",26667
6037242300,"South Los Angeles, Los Angeles, CA",26652
6037237500,"South Figueroa Corridor, Los Angeles, CA",26620
6037228900,"Central Alameda, Los Angeles, CA",26581
6037239801,"South Los Angeles, Los Angeles, CA",26531
6037540902,"South Los Angeles, Los Angeles, CA",26527
6037540700,"South Los Angeles, Los Angeles, CA",26431
6037602505,"Hawthorne, CA",26431
6037240010,"South Los Angeles, Los Angeles, CA",26382
6037207302,"Central LA, Los Angeles, CA",26377
6037273502,"Venice, Los Angeles, CA",26307
6037234501,"South Los Angeles, Los Angeles, CA",26252
6037231400,"Leimert Park, Los Angeles, CA",26228
6037241201,"South Los Angeles, Los Angeles, CA",26227
6037241400,"Harbor, Los Angeles, CA",26214
6037224310,"Central LA, Los Angeles, CA",26121
6037600302,"South Los Angeles, Los Angeles, CA",26096
6037236100,"Baldwin Village, Los Angeles, CA",26034
6037237300,"South Los Angeles, Los Angeles, CA",26034
6037208903,"Central LA, Los Angeles, CA",25954
6037209103,"Central LA, Los Angeles, CA",25937
6037235201,"Park Mesa Heights, Los Angeles, CA",25918
6037240500,"South Los Angeles, Los Angeles, CA",25903
6037240402,"South Los Angeles, Los Angeles, CA",25888
6037541603,"Compton, CA",25831
6037600400,"South Los Angeles, Los Angeles, CA",25736
6037540600,"South Los Angeles, Los Angeles, CA",25721
6037240401,"South Los Angeles, Los Angeles, CA",25672
6037241001,"South Los Angeles, Los Angeles, CA",25641
6037541200,"Compton, CA",25493
6037600601,"Inglewood, CA",25488
6037241110,"South Los Angeles, Los Angeles, CA",25458
6037602506,"Hawthorne, CA",25440
6037601302,"Inglewood, CA",25420
6037232200,"South Los Angeles, Los Angeles, CA",25390
6037240600,"South Los Angeles, Los Angeles, CA",25388
6037242000,"South Los Angeles, Los Angeles, CA",25368
6037241002,"South Los Angeles, Los Angeles, CA",25325
6037231710,"South Figueroa Corridor, Los Angeles, CA",25232
6037234700,"Park Mesa Heights, Los Angeles, CA",25174
6037600702,"Morningside Park, Inglewood, CA",25160
6037241202,"South Los Angeles, Los Angeles, CA",25157
6037240700,"South Los Angeles, Los Angeles, CA",25034
6037238320,"South Figueroa Corridor, Los Angeles, CA",24962
6037291110,"Harbor, Los Angeles, CA",24909
6037235202,"Park Mesa Heights, Los Angeles, CA",24894
6037237201,"South Los Angeles, Los Angeles, CA",24803
6037238100,"South Los Angeles, Los Angeles, CA",24726
6037600100,"South Los Angeles, Los Angeles, CA",24478
6037236203,"Crenshaw, Los Angeles, CA",24441
6037237710,"South Figueroa Corridor, Los Angeles, CA",24425
6037240800,"South Los Angeles, Los Angeles, CA",24385
6037236202,"Baldwin Village, Los Angeles, CA",24345
6037238000,"South Los Angeles, Los Angeles, CA",24079
6037237900,"South Los Angeles, Los Angeles, CA",23929
6037243100,"South Los Angeles, Los Angeles, CA",23688
6037600202,"South Los Angeles, Los Angeles, CA",23642
6037238200,"South Los Angeles, Los Angeles, CA",23505
6037600602,"Inglewood, CA",23475
6037209200,"Central LA, Los Angeles, CA",23429
6037234901,"Park Mesa Heights, Los Angeles, CA",23224
6037600303,"South Los Angeles, Los Angeles, CA",22934
6037242600,"South Los Angeles, Los Angeles, CA",22485
6037234902,"Park Mesa Heights, Los Angeles, CA",21764
6037236204,"Baldwin Village, Los Angeles, CA",19562
6037242100,"South Los Angeles, Los Angeles, CA",18921
6037206300,"Central LA, Los Angeles, CA",14636
6037980030,"El Segundo, CA",
6037265301,"Westwood, Los Angeles, CA",
6037980013,"El Segundo, CA",
6037207400,"Central LA, Los Angeles, CA",
6037551600,"Downey, CA",
6037206020,"Central LA, Los Angeles, CA",
6037980028,"Los Angeles, CA",
6037265304,"Westwood, Los Angeles, CA",
6037222700,"South Los Angeles, Los Angeles, CA",
6037320000,"North Hollywood, Universal City, CA",
6037980009,"Los Angeles, CA",