"tract","Name","Incarceration_Rate_rP_gP_p25"
6037980019,"Pacific Palisades, Los Angeles, CA",0.1136
6037194200,"Central LA, Los Angeles, CA",0.1111
6037209200,"Central LA, Los Angeles, CA",0.0933
6037532400,"Vernon, CA",0.0853
6037242100,"South Los Angeles, Los Angeles, CA",0.0755
6037600400,"South Los Angeles, Los Angeles, CA",0.0701
6037241002,"South Los Angeles, Los Angeles, CA",0.0673
6037189903,"Central LA, Los Angeles, CA",0.0641
6037242600,"South Los Angeles, Los Angeles, CA",0.0627
6037208301,"Central LA, Los Angeles, CA",0.0552
6037208802,"Central LA, Los Angeles, CA",0.0545
6037209403,"Central LA, Los Angeles, CA",0.0526
6037207302,"Central LA, Los Angeles, CA",0.0521
6037602600,"Gardena, CA",0.0512
6037185204,"Northeast Los Angeles, Los Angeles, CA",0.0496
6037228210,"South Los Angeles, Los Angeles, CA",0.0493
6037600501,"Inglewood, CA",0.0489
6037602506,"Hawthorne, CA",0.0482
6037234902,"Park Mesa Heights, Los Angeles, CA",0.0475
6037238320,"South Figueroa Corridor, Los Angeles, CA",0.0475
6037224200,"Central LA, Los Angeles, CA",0.046
6037240401,"South Los Angeles, Los Angeles, CA",0.0458
6037238000,"South Los Angeles, Los Angeles, CA",0.0457
6037237401,"South Los Angeles, Los Angeles, CA",0.0457
6037463700,"South Arroyo, Pasadena, CA",0.0457
6037600202,"South Los Angeles, Los Angeles, CA",0.0452
6037237300,"South Los Angeles, Los Angeles, CA",0.0449
6037240200,"South Los Angeles, Los Angeles, CA",0.0447
6037229410,"South Los Angeles, Los Angeles, CA",0.0447
6037541001,"Gardena, CA",0.0441
6037600704,"Morningside Park, Inglewood, CA",0.0427
6037209402,"Central LA, Los Angeles, CA",0.0422
6037243100,"South Los Angeles, Los Angeles, CA",0.0415
6037143700,"Studio City, Los Angeles, CA",0.0414
6037601302,"Inglewood, CA",0.0414
6037207101,"Central LA, Los Angeles, CA",0.0414
6037241110,"South Los Angeles, Los Angeles, CA",0.0411
6037236400,"Baldwin Hills, Los Angeles, CA",0.0407
6037240900,"South Los Angeles, Los Angeles, CA",0.0404
6037600601,"Inglewood, CA",0.0402
6037204200,"Boyle Heights, Los Angeles, CA",0.0397
6037237201,"South Los Angeles, Los Angeles, CA",0.0395
6037242300,"South Los Angeles, Los Angeles, CA",0.0392
6037239601,"South Los Angeles, Los Angeles, CA",0.039
6037463300,"Pasadena, CA",0.0389
6037189400,"Central LA, Los Angeles, CA",0.0389
6037541606,"Compton, CA",0.0387
6037212501,"Central LA, Los Angeles, CA",0.0382
6037221820,"Jefferson, Los Angeles, CA",0.0379
6037240402,"South Los Angeles, Los Angeles, CA",0.0374
6037602700,"Hawthorne, CA",0.0371
6037232500,"South Los Angeles, Los Angeles, CA",0.0364
6037239201,"South Los Angeles, Los Angeles, CA",0.0364
6037462202,"Pasadena, CA",0.0363
6037235100,"Park Mesa Heights, Los Angeles, CA",0.0363
6037264000,"Brentwood, Los Angeles, CA",0.0362
6037186404,"Glassell Park, Los Angeles, CA",0.036
6037212420,"Central LA, Los Angeles, CA",0.0358
6037600201,"South Los Angeles, Los Angeles, CA",0.0358
6037234502,"South Los Angeles, Los Angeles, CA",0.0356
6037264103,"Brentwood, Los Angeles, CA",0.0356
6037240500,"South Los Angeles, Los Angeles, CA",0.0353
6037234700,"Park Mesa Heights, Los Angeles, CA",0.0352
6037552100,"Norwalk, CA",0.035
6037601401,"Inglewood, CA",0.035
6037601303,"Inglewood, CA",0.0347
6037186301,"Atwater Village, Los Angeles, CA",0.0346
6037188100,"Atwater Village, Los Angeles, CA",0.0345
6037232600,"South Los Angeles, Los Angeles, CA",0.0343
6037530301,"East Los Angeles, CA",0.0343
6037602505,"Hawthorne, CA",0.0343
6037602507,"Hawthorne, CA",0.0343
6037463900,"Northeast Los Angeles, Pasadena, CA",0.0339
6037235201,"Park Mesa Heights, Los Angeles, CA",0.0333
6037228600,"South Los Angeles, Los Angeles, CA",0.0333
6037207301,"Central LA, Los Angeles, CA",0.0332
6037540700,"South Los Angeles, Los Angeles, CA",0.033
6037191710,"Central LA, Los Angeles, CA",0.033
6037550202,"Norwalk, CA",0.0329
6037270200,"Palms, Los Angeles, CA",0.0328
6037228900,"Central Alameda, Los Angeles, CA",0.0327
6037242700,"South Los Angeles, Los Angeles, CA",0.0327
6037192410,"Central LA, Los Angeles, CA",0.0326
6037232400,"South Los Angeles, Los Angeles, CA",0.0326
6037291110,"Harbor, Los Angeles, CA",0.0324
6037240020,"South Los Angeles, Los Angeles, CA",0.0322
6037214400,"Central LA, Los Angeles, CA",0.0321
6037552002,"Norwalk, CA",0.0321
6037703002,"Los Angeles, CA",0.0321
6037600303,"South Los Angeles, Los Angeles, CA",0.032
6037232700,"South Figueroa Corridor, Los Angeles, CA",0.032
6037237500,"South Figueroa Corridor, Los Angeles, CA",0.0319
6037530700,"Los Angeles, CA",0.0319
6037238100,"South Los Angeles, Los Angeles, CA",0.0318
6037273700,"Venice, Los Angeles, CA",0.0316
6037238200,"South Los Angeles, Los Angeles, CA",0.0315
6037218702,"Jefferson, Los Angeles, CA",0.0313
6037229100,"Central Alameda, Los Angeles, CA",0.0312
6037601001,"Inglewood, CA",0.0312
6037237102,"South Figueroa Corridor, Los Angeles, CA",0.0312
6037275603,"Culver City, CA",0.0312
6037550602,"Downey, CA",0.0311
6037241300,"Harbor Gateway North, Los Angeles, CA",0.0309
6037241201,"South Los Angeles, Los Angeles, CA",0.0307
6037222002,"South Los Angeles, Los Angeles, CA",0.0306
6037620201,"Manhattan Beach, CA",0.0306
6037239701,"South Los Angeles, Los Angeles, CA",0.0305
6037222600,"South Los Angeles, Los Angeles, CA",0.0305
6037480902,"Alhambra, CA",0.0303
6037275101,"Culver City, CA",0.0302
6037236000,"Baldwin Hills, Los Angeles, CA",0.0302
6037212102,"Central LA, Los Angeles, CA",0.0301
6037601301,"Inglewood, CA",0.0301
6037216700,"Central LA, Los Angeles, CA",0.03
6037235202,"Park Mesa Heights, Los Angeles, CA",0.03
6037232300,"South Los Angeles, Los Angeles, CA",0.0298
6037533001,"South Los Angeles, Los Angeles, CA",0.0297
6037542601,"Compton, CA",0.0297
6037189102,"Central LA, Los Angeles, CA",0.0297
6037275302,"Marina del Rey, CA",0.0297
6037237900,"South Los Angeles, Los Angeles, CA",0.0296
6037208302,"Central LA, Los Angeles, CA",0.0295
6037600702,"Morningside Park, Inglewood, CA",0.0295
6037234200,"Leimert Park, Los Angeles, CA",0.0295
6037228310,"South Los Angeles, Los Angeles, CA",0.0295
6037541603,"Compton, CA",0.0294
6037219500,"South Los Angeles, Los Angeles, CA",0.0294
6037535001,"South Los Angeles, Los Angeles, CA",0.0293
6037234501,"South Los Angeles, Los Angeles, CA",0.0293
6037236100,"Baldwin Village, Los Angeles, CA",0.0292
6037700102,"Central LA, West Hollywood, CA",0.0292
6037234800,"Park Mesa Heights, Los Angeles, CA",0.0292
6037236204,"Baldwin Village, Los Angeles, CA",0.0291
6037221900,"South Los Angeles, Los Angeles, CA",0.0291
6037240600,"South Los Angeles, Los Angeles, CA",0.029
6037541100,"Compton, CA",0.0287
6037226001,"South Los Angeles, Los Angeles, CA",0.0287
6037603001,"Gardena, CA",0.0286
6037181600,"Northeast Los Angeles, Los Angeles, CA",0.0284
6037531502,"East Los Angeles, CA",0.0283
6037703100,"View Park, View Park-Windsor Hills, CA",0.0283
6037530802,"Los Angeles, CA",0.0283
6037620102,"El Segundo, CA",0.0283
6037221710,"Jefferson, Los Angeles, CA",0.0282
6037600802,"Morningside Park, Inglewood, CA",0.0282
6037209520,"Central LA, Los Angeles, CA",0.0281
6037540902,"South Los Angeles, Los Angeles, CA",0.0281
6037221110,"Central LA, Los Angeles, CA",0.028
6037125401,"North Hollywood, Los Angeles, CA",0.0279
6037553504,"Paramount, CA",0.0278
6037241400,"Harbor, Los Angeles, CA",0.0276
6037224010,"Central LA, Los Angeles, CA",0.0276
6037265420,"Westwood, Los Angeles, CA",0.0275
6037208620,"Central LA, Los Angeles, CA",0.0275
6037551201,"Downey, CA",0.0273
6037229200,"South Los Angeles, Los Angeles, CA",0.0273
6037536104,"South Gate, CA",0.0273
6037209300,"Central LA, Los Angeles, CA",0.0273
6037206050,"Central LA, Los Angeles, CA",0.0272
6037542000,"Compton, CA",0.0272
6037600100,"South Los Angeles, Los Angeles, CA",0.0272
6037219901,"Los Angeles, CA",0.0272
6037241001,"South Los Angeles, Los Angeles, CA",0.0272
6037541605,"Compton, CA",0.0271
6037600911,"Inglewood, CA",0.027
6037228720,"South Los Angeles, Los Angeles, CA",0.027
6037236203,"Crenshaw, Los Angeles, CA",0.0269
6037199900,"Montecito Heights, Los Angeles, CA",0.0269
6037226002,"Central LA, Los Angeles, CA",0.0269
6037231710,"South Figueroa Corridor, Los Angeles, CA",0.0268
6037218800,"Central LA, Los Angeles, CA",0.0266
6037219700,"Jefferson, Los Angeles, CA",0.0265
6037541500,"South Los Angeles, Compton, CA",0.0264
6037602404,"Hawthorne, CA",0.0264
6037236202,"Baldwin Village, Los Angeles, CA",0.0263
6037239502,"South Los Angeles, Los Angeles, CA",0.0263
6037211310,"Central LA, Los Angeles, CA",0.0263
6037215102,"Central LA, Los Angeles, CA",0.0261
6037211701,"Central LA, Los Angeles, CA",0.026
6037234300,"Leimert Park, Los Angeles, CA",0.026
6037190100,"Central LA, Los Angeles, CA",0.0258
6037601211,"Inglewood, CA",0.0255
6037219010,"South Los Angeles, Los Angeles, CA",0.0253
6037209820,"Central LA, Los Angeles, CA",0.0253
6037553502,"Paramount, CA",0.0253
6037237800,"South Los Angeles, Los Angeles, CA",0.0253
6037207502,"Downtown, Los Angeles, CA",0.0252
6037125200,"North Hollywood, Los Angeles, CA",0.0251
6037262100,"Bel Air, Los Angeles, CA",0.025
6037237402,"South Los Angeles, Los Angeles, CA",0.025
6037224420,"South Los Angeles, Los Angeles, CA",0.025
6037540203,"Lynwood, CA",0.025
6037541300,"Compton, CA",0.0249
6037231500,"Leimert Park, Los Angeles, CA",0.0249
6037553000,"Norwalk, CA",0.0248
6037240300,"South Los Angeles, Los Angeles, CA",0.0248
6037212203,"Central LA, Los Angeles, CA",0.0248
6037218600,"Central LA, Los Angeles, CA",0.0247
6037541700,"Lynwood, CA",0.0245
6037211802,"Central LA, Los Angeles, CA",0.0245
6037554001,"Bellflower, CA",0.0245
6037221500,"South Los Angeles, Los Angeles, CA",0.0245
6037211320,"Central LA, Los Angeles, CA",0.0243
6037553601,"Paramount, CA",0.0243
6037600801,"Morningside Park, Inglewood, CA",0.0242
6037271801,"Palms, Los Angeles, CA",0.0242
6037530901,"Los Angeles, CA",0.0242
6037242200,"South Los Angeles, Los Angeles, CA",0.0241
6037532800,"South Los Angeles, Los Angeles, CA",0.0241
6037232200,"South Los Angeles, Los Angeles, CA",0.024
6037240800,"South Los Angeles, Los Angeles, CA",0.0239
6037267501,"West Los Angeles, Los Angeles, CA",0.0239
6037540101,"Lynwood, CA",0.0239
6037239320,"South Los Angeles, Los Angeles, CA",0.0238
6037238400,"South Los Angeles, Los Angeles, CA",0.0238
6037602504,"Hawthorne, CA",0.0238
6037224600,"South Figueroa Corridor, Los Angeles, CA",0.0238
6037530400,"Monterey Park, CA",0.0237
6037620002,"El Segundo, CA",0.0237
6037220000,"Jefferson, Los Angeles, CA",0.0237
6037271500,"Mar Vista, Los Angeles, CA",0.0237
6037191204,"Central LA, Los Angeles, CA",0.0236
6037531102,"Los Angeles, CA",0.0236
6037542800,"Compton, CA",0.0236
6037700501,"Central LA, West Hollywood, CA",0.0235
6037217200,"Central LA, Los Angeles, CA",0.0234
6037311801,"Burbank, CA",0.0232
6037534002,"South Montebello, Bell Gardens, CA",0.0232
6037186302,"Glassell Park, Los Angeles, CA",0.023
6037218900,"Jefferson, Los Angeles, CA",0.0227
6037600602,"Inglewood, CA",0.0226
6037206300,"Central LA, Los Angeles, CA",0.0225
6037551102,"Downey, CA",0.0224
6037551300,"Downey, CA",0.0224
6037237600,"South Figueroa Corridor, Los Angeles, CA",0.0222
6037221602,"Central LA, Los Angeles, CA",0.0222
6037206032,"Central LA, Los Angeles, CA",0.0221
6037603900,"Lawndale, CA",0.0221
6037241202,"South Los Angeles, Los Angeles, CA",0.0221
6037535102,"South Los Angeles, Los Angeles, CA",0.0221
6037231900,"South Figueroa Corridor, Los Angeles, CA",0.0221
6037231100,"South Los Angeles, Los Angeles, CA",0.0219
6037239702,"South Los Angeles, Los Angeles, CA",0.0219
6037703200,"View Park, View Park-Windsor Hills, CA",0.0218
6037231400,"Leimert Park, Los Angeles, CA",0.0218
6037239330,"South Los Angeles, Los Angeles, CA",0.0217
6037532604,"Huntington Park, CA",0.0217
6037238310,"South Figueroa Corridor, Los Angeles, CA",0.0217
6037601900,"Inglewood, CA",0.0217
6037480703,"South Pasadena, CA",0.0216
6037222500,"South Los Angeles, Los Angeles, CA",0.0216
6037232120,"South Los Angeles, Los Angeles, CA",0.0215
6037207501,"Downtown, Los Angeles, CA",0.0215
6037226420,"South Los Angeles, Los Angeles, CA",0.0214
6037204820,"Boyle Heights, Los Angeles, CA",0.0214
6037191500,"Central LA, Los Angeles, CA",0.0214
6037602900,"Gardena, CA",0.0214
6037534102,"South Montebello, Bell Gardens, CA",0.0214
6037221220,"Central LA, Los Angeles, CA",0.0213
6037239501,"South Los Angeles, Los Angeles, CA",0.0213
6037533901,"South Montebello, Bell Gardens, CA",0.0213
6037269904,"Palms, Los Angeles, CA",0.0212
6037602104,"Hawthorne, CA",0.0212
6037500600,"El Rancho, Pico Rivera, CA",0.0212
6037601002,"Inglewood, CA",0.0212
6037273600,"Venice, Los Angeles, CA",0.0211
6037542602,"Compton, CA",0.0211
6037240010,"South Los Angeles, Los Angeles, CA",0.021
6037213320,"Central LA, Los Angeles, CA",0.021
6037480702,"South Pasadena, CA",0.021
6037234600,"Park Mesa Heights, Los Angeles, CA",0.0209
6037481902,"Alhambra, CA",0.0209
6037553702,"Paramount, CA",0.0209
6037620305,"Manhattan Beach, CA",0.0209
6037262302,"Brentwood, Los Angeles, CA",0.0209
6037534406,"Cudahy, CA",0.0208
6037201200,"Northeast Los Angeles, Los Angeles, CA",0.0208
6037220100,"South Los Angeles, Los Angeles, CA",0.0208
6037462900,"Pasadena, CA",0.0208
6037541801,"Lynwood, CA",0.0208
6037461901,"Pasadena, CA",0.0207
6037232800,"South Figueroa Corridor, Los Angeles, CA",0.0207
6037533106,"Huntington Park, CA",0.0207
6037208402,"Central LA, Los Angeles, CA",0.0206
6037218400,"Central LA, Los Angeles, CA",0.0206
6037530602,"Los Angeles, CA",0.0206
6037203710,"Boyle Heights, Los Angeles, CA",0.0206
6037620001,"El Segundo, CA",0.0206
6037531602,"South Montebello, East Los Angeles, CA",0.0205
6037212701,"Central LA, Los Angeles, CA",0.0204
6037535002,"South Los Angeles, Los Angeles, CA",0.0204
6037192620,"Central LA, Los Angeles, CA",0.0204
6037219800,"Los Angeles, CA",0.0203
6037203600,"Boyle Heights, Los Angeles, CA",0.0203
6037533103,"Huntington Park, CA",0.0203
6037461902,"Pasadena, CA",0.0203
6037602802,"South Los Angeles, Los Angeles, CA",0.0202
6037535101,"South Los Angeles, Los Angeles, CA",0.0202
6037535300,"South Los Angeles, Los Angeles, CA",0.0201
6037192610,"Central LA, Los Angeles, CA",0.0201
6037533806,"Bell, CA",0.02
6037540600,"South Los Angeles, Los Angeles, CA",0.02
6037201120,"Northeast Los Angeles, Los Angeles, CA",0.02
6037533104,"Huntington Park, CA",0.0199
6037542103,"Compton, CA",0.0199
6037703001,"Fox Hills, Culver City, CA",0.0199
6037600502,"Inglewood, CA",0.0199
6037218701,"Central LA, Los Angeles, CA",0.0197
6037533107,"Huntington Park, CA",0.0196
6037240700,"South Los Angeles, Los Angeles, CA",0.0196
6037211121,"Central LA, Los Angeles, CA",0.0196
6037554103,"Bellflower, CA",0.0195
6037204120,"Central LA, Los Angeles, CA",0.0194
6037226410,"South Los Angeles, Los Angeles, CA",0.0194
6037265700,"Westwood, Los Angeles, CA",0.0193
6037228500,"South Figueroa Corridor, Los Angeles, CA",0.0193
6037533602,"Bell, CA",0.0192
6037602801,"South Los Angeles, Los Angeles, CA",0.0192
6037191420,"Central LA, Los Angeles, CA",0.0192
6037702901,"Marina del Rey, CA",0.0192
6037536102,"South Gate, CA",0.0191
6037540800,"South Los Angeles, Los Angeles, CA",0.0191
6037461600,"North Central, Pasadena, CA",0.0191
6037201110,"Northeast Los Angeles, Los Angeles, CA",0.019
6037203100,"Northeast Los Angeles, Los Angeles, CA",0.019
6037531301,"Los Angeles, CA",0.0189
6037502601,"El Rancho, Pico Rivera, CA",0.0189
6037237710,"South Figueroa Corridor, Los Angeles, CA",0.0188
6037231210,"South Los Angeles, Los Angeles, CA",0.0187
6037212204,"Central LA, Los Angeles, CA",0.0186
6037190901,"Central LA, Los Angeles, CA",0.0186
6037211122,"Central LA, Los Angeles, CA",0.0186
6037203800,"Boyle Heights, Los Angeles, CA",0.0185
6037533300,"Maywood, CA",0.0185
6037269700,"Beverlywood, Los Angeles, CA",0.0184
6037540901,"South Los Angeles, Los Angeles, CA",0.0184
6037229420,"South Los Angeles, Los Angeles, CA",0.0183
6037462001,"North Central, Pasadena, CA",0.0183
6037187200,"Echo Park, Los Angeles, CA",0.0181
6037199300,"Montecito Heights, Los Angeles, CA",0.0181
6037532002,"South Montebello, Montebello, CA",0.0181
6037242000,"South Los Angeles, Los Angeles, CA",0.0181
6037603704,"Hawthorne, CA",0.018
6037502801,"Santa Fe Springs, CA",0.018
6037541604,"Compton, CA",0.018
6037500800,"El Rancho, Pico Rivera, CA",0.018
6037462700,"Mid Central, Pasadena, CA",0.0179
6037195901,"Silver Lake, Los Angeles, CA",0.0178
6037553503,"Paramount, CA",0.0178
6037269903,"Palms, Los Angeles, CA",0.0178
6037533803,"Bell, CA",0.0177
6037541200,"Compton, CA",0.0177
6037227020,"South Los Angeles, Los Angeles, CA",0.0177
6037143400,"Studio City, Los Angeles, CA",0.0176
6037191120,"Central LA, Los Angeles, CA",0.0176
6037186100,"Eagle Rock, Los Angeles, CA",0.0175
6037481102,"San Gabriel, CA",0.0175
6037602105,"Hawthorne, CA",0.0175
6037481001,"Alhambra, CA",0.0175
6037190202,"Central LA, Los Angeles, CA",0.0175
6037462100,"North Central, Pasadena, CA",0.0174
6037216200,"Central LA, Los Angeles, CA",0.0174
6037534203,"South Montebello, Bell Gardens, CA",0.0174
6037195802,"Central LA, Los Angeles, CA",0.0173
6037212900,"Central LA, Los Angeles, CA",0.0172
6037603801,"Lawndale, CA",0.0172
6037532605,"Huntington Park, CA",0.0172
6037551900,"Norwalk, CA",0.0172
6037234901,"Park Mesa Heights, Los Angeles, CA",0.0171
6037209102,"Central LA, Los Angeles, CA",0.0171
6037212305,"Central LA, Los Angeles, CA",0.017
6037535803,"South Gate, CA",0.017
6037530902,"Los Angeles, CA",0.017
6037302401,"Tropico, Glendale, CA",0.017
6037183810,"Northeast Los Angeles, Los Angeles, CA",0.017
6037185310,"Northeast Los Angeles, Los Angeles, CA",0.017
6037243000,"South Los Angeles, Los Angeles, CA",0.017
6037199700,"Central LA, Los Angeles, CA",0.0169
6037204810,"Boyle Heights, Los Angeles, CA",0.0169
6037701801,"Pico, Santa Monica, CA",0.0168
6037128910,"Sherman Oaks, Los Angeles, CA",0.0168
6037552001,"Norwalk, CA",0.0167
6037221210,"Central LA, Los Angeles, CA",0.0167
6037701802,"Pico, Santa Monica, CA",0.0167
6037463200,"Lamanda Park, Pasadena, CA",0.0167
6037480102,"San Gabriel, CA",0.0167
6037550300,"Norwalk, CA",0.0167
6037269601,"Central LA, Los Angeles, CA",0.0164
6037199110,"Montecito Heights, Los Angeles, CA",0.0164
6037530003,"South Montebello, Montebello, CA",0.0164
6037532303,"South Montebello, Commerce, CA",0.0163
6037273402,"Venice, Los Angeles, CA",0.0163
6037183402,"Northeast Los Angeles, Los Angeles, CA",0.0163
6037277400,"Los Angeles, CA",0.0163
6037141101,"Sherman Oaks, Los Angeles, CA",0.0163
6037541802,"Lynwood, CA",0.0163
6037602403,"Hawthorne, CA",0.0163
6037532900,"South Los Angeles, Los Angeles, CA",0.0162
6037531901,"South Montebello, East Los Angeles, CA",0.0162
6037530302,"South Montebello, East Los Angeles, CA",0.0162
6037462301,"Pasadena, CA",0.0162
6037531504,"East Los Angeles, CA",0.0161
6037533203,"Huntington Park, CA",0.0161
6037183221,"Northeast Los Angeles, Los Angeles, CA",0.0161
6037197410,"Echo Park, Los Angeles, CA",0.0161
6037535501,"South Gate, CA",0.0161
6037218220,"Central LA, Los Angeles, CA",0.0161
6037542104,"East Compton, CA",0.0161
6037211202,"Central LA, Los Angeles, CA",0.016
6037602509,"Hawthorne, CA",0.0159
6037536200,"South Gate, CA",0.0159
6037533603,"Bell, CA",0.0158
6037534804,"Huntington Park, CA",0.0158
6037600912,"Inglewood, CA",0.0158
6037139600,"Encino, Los Angeles, CA",0.0158
6037535200,"South Los Angeles, Los Angeles, CA",0.0158
6037189904,"Central LA, Los Angeles, CA",0.0157
6037531701,"South Montebello, East Los Angeles, CA",0.0157
6037541400,"South Los Angeles, Compton, CA",0.0157
6037460800,"North Arroyo, Pasadena, CA",0.0157
6037700200,"Central LA, West Hollywood, CA",0.0157
6037550901,"Downey, CA",0.0157
6037480804,"Alhambra, CA",0.0156
6037532700,"South Los Angeles, Los Angeles, CA",0.0155
6037239802,"South Los Angeles, Los Angeles, CA",0.0155
6037199800,"Northeast Los Angeles, Los Angeles, CA",0.0155
6037187300,"Silver Lake, Los Angeles, CA",0.0154
6037221302,"Central LA, Los Angeles, CA",0.0153
6037462201,"Pasadena, CA",0.0153
6037125600,"North Hollywood, Los Angeles, CA",0.0153
6037189500,"Central LA, Los Angeles, CA",0.0153
6037530801,"Los Angeles, CA",0.0153
6037183610,"Highland Park, Los Angeles, CA",0.0153
6037531101,"Los Angeles, CA",0.0152
6037143100,"Toluca Lake, Los Angeles, CA",0.0152
6037275200,"Los Angeles, CA",0.0152
6037291130,"Harbor, Gardena, CA",0.0152
6037702803,"Los Angeles, CA",0.0152
6037269906,"Palms, Los Angeles, CA",0.0151
6037232110,"South Figueroa Corridor, Los Angeles, CA",0.0151
6037462600,"Pasadena, CA",0.0151
6037534502,"Huntington Park, CA",0.015
6037183701,"Highland Park, Los Angeles, CA",0.015
6037602508,"Hawthorne, CA",0.015
6037204420,"Boyle Heights, Los Angeles, CA",0.015
6037702600,"Culver City, CA",0.015
6037534001,"South Montebello, Bell Gardens, CA",0.0149
6037534302,"Cudahy, CA",0.0149
6037533805,"Bell, CA",0.0149
6037189902,"Central LA, Los Angeles, CA",0.0148
6037203200,"Boyle Heights, Los Angeles, CA",0.0148
6037201301,"Montecito Heights, Los Angeles, CA",0.0148
6037502500,"El Rancho, Pico Rivera, CA",0.0148
6037531604,"East Los Angeles, CA",0.0148
6037462002,"North Central, Pasadena, CA",0.0148
6037228220,"South Los Angeles, Los Angeles, CA",0.0146
6037551800,"Downey, CA",0.0146
6037241120,"South Los Angeles, Los Angeles, CA",0.0146
6037480903,"Alhambra, CA",0.0146
6037269602,"Central LA, Los Angeles, CA",0.0145
6037600302,"South Los Angeles, Los Angeles, CA",0.0145
6037197600,"Echo Park, Los Angeles, CA",0.0144
6037530005,"South Montebello, Montebello, CA",0.0143
6037197500,"Echo Park, Los Angeles, CA",0.0143
6037534405,"Cudahy, CA",0.0143
6037531902,"South Montebello, East Los Angeles, CA",0.0143
6037531702,"South Montebello, East Los Angeles, CA",0.0142
6037224700,"South Los Angeles, Los Angeles, CA",0.0142
6037482402,"Garvey, Rosemead, CA",0.0142
6037208720,"Central LA, Los Angeles, CA",0.0142
6037534101,"South Montebello, Bell Gardens, CA",0.0142
6037502700,"Santa Fe Springs, CA",0.0142
6037204300,"Boyle Heights, Los Angeles, CA",0.0141
6037191720,"Central LA, Los Angeles, CA",0.0141
6037301602,"Riverside Rancho, Glendale, CA",0.0141
6037128702,"Sherman Oaks, Los Angeles, CA",0.0141
6037191301,"East Hollywood, Los Angeles, CA",0.014
6037267700,"Sawtelle, Los Angeles, CA",0.0139
6037535502,"South Gate, CA",0.0139
6037195903,"Silver Lake, Los Angeles, CA",0.0138
6037197700,"Echo Park, Los Angeles, CA",0.0138
6037199400,"Mount Washington, Los Angeles, CA",0.0138
6037533402,"Maywood, CA",0.0137
6037228420,"South Los Angeles, Los Angeles, CA",0.0137
6037191201,"Central LA, Los Angeles, CA",0.0136
6037191203,"Central LA, Los Angeles, CA",0.0136
6037213402,"Central LA, Los Angeles, CA",0.0136
6037530102,"South Montebello, Montebello, CA",0.0136
6037551502,"Downey, CA",0.0135
6037186203,"Northeast Los Angeles, Los Angeles, CA",0.0135
6037228800,"Central Alameda, Los Angeles, CA",0.0135
6037482102,"Monterey Park, CA",0.0135
6037700101,"Central LA, West Hollywood, CA",0.0134
6037183620,"Northeast Los Angeles, Los Angeles, CA",0.0134
6037700400,"Central LA, West Hollywood, CA",0.0134
6037219020,"South Los Angeles, Los Angeles, CA",0.0134
6037262400,"Brentwood, Los Angeles, CA",0.0134
6037302504,"Mariposa, Glendale, CA",0.0133
6037530203,"South Montebello, Montebello, CA",0.0133
6037603703,"Hawthorne, CA",0.0133
6037533201,"Huntington Park, CA",0.0132
6037218120,"Central LA, Los Angeles, CA",0.0132
6037463102,"Pasadena, CA",0.0132
6037601802,"Inglewood, CA",0.0132
6037183401,"Northeast Los Angeles, Los Angeles, CA",0.0131
6037532500,"Huntington Park, CA",0.0131
6037237202,"South Los Angeles, Los Angeles, CA",0.0129
6037601501,"Inglewood, CA",0.0129
6037553100,"Bellflower, CA",0.0129
6037218500,"Central LA, Los Angeles, CA",0.0129
6037553701,"Paramount, CA",0.0129
6037602004,"Inglewood, CA",0.0128
6037533105,"Huntington Park, CA",0.0128
6037275500,"Culver City, CA",0.0128
6037209104,"Central LA, Los Angeles, CA",0.0128
6037536000,"South Gate, CA",0.0128
6037262303,"Brentwood, Los Angeles, CA",0.0127
6037480802,"Alhambra, CA",0.0127
6037234000,"Leimert Park, Los Angeles, CA",0.0127
6037534202,"South Montebello, Bell Gardens, CA",0.0126
6037262802,"Pacific Palisades, Santa Monica, CA",0.0126
6037183510,"Northeast Los Angeles, Los Angeles, CA",0.0126
6037141102,"Sherman Oaks, Los Angeles, CA",0.0126
6037540202,"Lynwood, CA",0.0125
6037530202,"South Montebello, Montebello, CA",0.0125
6037533702,"Maywood, CA",0.0125
6037481202,"San Gabriel, CA",0.0124
6037533503,"Huntington Park, CA",0.0124
6037186401,"Northeast Los Angeles, Los Angeles, CA",0.0124
6037239310,"South Los Angeles, Los Angeles, CA",0.0123
6037276500,"Westchester, Los Angeles, CA",0.0123
6037533701,"Maywood, CA",0.0122
6037269907,"Palms, Los Angeles, CA",0.0122
6037481606,"Alhambra, CA",0.0122
6037187102,"Atwater Village, Los Angeles, CA",0.0122
6037535802,"South Gate, CA",0.0121
6037534900,"South Los Angeles, Los Angeles, CA",0.0121
6037533601,"Bell, CA",0.0121
6037481800,"Alhambra, CA",0.0121
6037535702,"South Gate, CA",0.012
6037231600,"South Los Angeles, Los Angeles, CA",0.012
6037183220,"Northeast Los Angeles, Los Angeles, CA",0.012
6037550500,"Downey, CA",0.012
6037540502,"Lynwood, CA",0.0119
6037601100,"Inglewood, CA",0.0119
6037482201,"Monterey Park, CA",0.0119
6037534802,"Huntington Park, CA",0.0119
6037192700,"Central LA, Los Angeles, CA",0.0119
6037553200,"Bellflower, CA",0.0119
6037603005,"Gardena, CA",0.0119
6037502402,"El Rancho, Pico Rivera, CA",0.0119
6037226700,"South Los Angeles, Los Angeles, CA",0.0118
6037601212,"Inglewood, CA",0.0118
6037201503,"Northeast Los Angeles, Los Angeles, CA",0.0118
6037533202,"Huntington Park, CA",0.0118
6037203300,"Northeast Los Angeles, Los Angeles, CA",0.0118
6037211922,"Central LA, Los Angeles, CA",0.0118
6037203720,"Boyle Heights, Los Angeles, CA",0.0118
6037195202,"Central LA, Los Angeles, CA",0.0117
6037195720,"Echo Park, Los Angeles, CA",0.0117
6037141304,"Sherman Oaks, Los Angeles, CA",0.0117
6037270100,"Palms, Los Angeles, CA",0.0116
6037185320,"Northeast Los Angeles, Los Angeles, CA",0.0115
6037302002,"Downtown, Glendale, CA",0.0115
6037482800,"South Montebello, Monterey Park, CA",0.0115
6037218300,"Central LA, Los Angeles, CA",0.0115
6037535503,"South Gate, CA",0.0115
6037194102,"Central LA, Los Angeles, CA",0.0114
6037197200,"Echo Park, Los Angeles, CA",0.0114
6037534301,"Cudahy, CA",0.0112
6037201402,"Northeast Los Angeles, Los Angeles, CA",0.0112
6037540000,"Lynwood, CA",0.0111
6037602103,"Hawthorne, CA",0.0111
6037302302,"Pacific - Edison, Glendale, CA",0.0111
6037265602,"Westwood, Los Angeles, CA",0.0111
6037530101,"South Montebello, Montebello, CA",0.011
6037231720,"South Figueroa Corridor, Los Angeles, CA",0.0109
6037482202,"Garvey, Monterey Park, CA",0.0109
6037301000,"Woodbury, Glendale, CA",0.0109
6037231300,"South Los Angeles, Los Angeles, CA",0.0108
6037211921,"Central LA, Los Angeles, CA",0.0108
6037291120,"Harbor, Gardena, CA",0.0107
6037201401,"Northeast Los Angeles, Los Angeles, CA",0.0107
6037262601,"Pacific Palisades, Los Angeles, CA",0.0107
6037227010,"South Los Angeles, Los Angeles, CA",0.0107
6037195500,"Silver Lake, Los Angeles, CA",0.0105
6037535804,"South Gate, CA",0.0105
6037269905,"Palms, Los Angeles, CA",0.0105
6037199201,"Montecito Heights, Los Angeles, CA",0.0104
6037201602,"Northeast Los Angeles, Los Angeles, CA",0.0104
6037271901,"Mar Vista, Los Angeles, CA",0.0104
6037271902,"Mar Vista, Los Angeles, CA",0.0102
6037211910,"Central LA, Los Angeles, CA",0.0102
6037502602,"El Rancho, Pico Rivera, CA",0.0102
6037224320,"Central LA, Los Angeles, CA",0.0101
6037271802,"Palms, Los Angeles, CA",0.0101
6037195400,"Silver Lake, Los Angeles, CA",0.0101
6037535607,"South Gate, CA",0.0101
6037481401,"San Gabriel, CA",0.01
6037534403,"Cudahy, CA",0.01
6037194300,"Central LA, Los Angeles, CA",0.0099
6037197420,"Echo Park, Los Angeles, CA",0.0098
6037262200,"Bel Air, Los Angeles, CA",0.0097
6037602402,"Hawthorne, CA",0.0097
6037186201,"Northeast Los Angeles, Los Angeles, CA",0.0097
6037311500,"Magnolia Park, Burbank, CA",0.0097
6037302102,"Somerset, Glendale, CA",0.0096
6037551202,"Downey, CA",0.0095
6037203900,"Boyle Heights, Los Angeles, CA",0.0095
6037602302,"HollyGlen, Hawthorne, CA",0.0094
6037601801,"Inglewood, CA",0.0094
6037212502,"Central LA, Los Angeles, CA",0.0094
6037208502,"Central LA, Los Angeles, CA",0.0094
6037141201,"Sherman Oaks, Los Angeles, CA",0.0093
6037302104,"Citrus Grove, Glendale, CA",0.0093
6037502401,"El Rancho, Pico Rivera, CA",0.0093
6037228320,"South Los Angeles, Los Angeles, CA",0.0093
6037192520,"Central LA, Los Angeles, CA",0.0092
6037183101,"Eagle Rock, Los Angeles, CA",0.0091
6037143300,"Studio City, Los Angeles, CA",0.0091
6037276000,"Westchester, Los Angeles, CA",0.0091
6037551501,"Downey, CA",0.009
6037702102,"Ocean Park, Santa Monica, CA",0.009
6037602106,"Hawthorne, CA",0.009
6037534404,"Cudahy, CA",0.009
6037702802,"McLaughlin, Los Angeles, CA",0.0089
6037185203,"Northeast Los Angeles, Los Angeles, CA",0.0088
6037550201,"Norwalk, CA",0.0088
6037702400,"Lucerne - Higuera, Culver City, CA",0.0088
6037481300,"Rosemead, CA",0.0088
6037267404,"Sawtelle, Los Angeles, CA",0.0088
6037207710,"Central LA, Los Angeles, CA",0.0088
6037601502,"Inglewood, CA",0.0088
6037500900,"El Rancho, Pico Rivera, CA",0.0087
6037239801,"South Los Angeles, Los Angeles, CA",0.0087
6037201504,"Northeast Los Angeles, Los Angeles, CA",0.0087
6037532200,"South Montebello, Montebello, CA",0.0087
6037212306,"Central LA, Los Angeles, CA",0.0087
6037222001,"Jefferson, Los Angeles, CA",0.0087
6037217100,"Central LA, Los Angeles, CA",0.0086
6037271701,"Palms, Los Angeles, CA",0.0085
6037700600,"Beverly Hills, CA",0.0085
6037481713,"Monterey Park, CA",0.0085
6037205110,"Boyle Heights, Los Angeles, CA",0.0085
6037302506,"Adams Hill, Glendale, CA",0.0085
6037602003,"Inglewood, CA",0.0085
6037265305,"Westwood, Los Angeles, CA",0.0084
6037301601,"Grandview, Glendale, CA",0.0084
6037600902,"Inglewood, CA",0.0084
6037531800,"South Montebello, East Los Angeles, CA",0.0083
6037700901,"Central LA, Beverly Hills, CA",0.0083
6037228410,"South Los Angeles, Los Angeles, CA",0.0082
6037532302,"South Montebello, Los Angeles, CA",0.0082
6037540201,"South Gate, CA",0.0082
6037222200,"South Los Angeles, Los Angeles, CA",0.0082
6037462302,"Pasadena, CA",0.0082
6037124700,"Van Nuys, Los Angeles, CA",0.0081
6037300902,"Glenoaks Canyon, Glendale, CA",0.0081
6037211703,"Central LA, Los Angeles, CA",0.0081
6037531302,"Los Angeles, CA",0.0081
6037275102,"Culver City, CA",0.0081
6037185202,"Mount Washington, Los Angeles, CA",0.008
6037542700,"Compton, CA",0.008
6037302503,"Mariposa, Glendale, CA",0.008
6037480803,"Alhambra, CA",0.008
6037192510,"Central LA, Los Angeles, CA",0.008
6037482001,"Monterey Park, CA",0.008
6037532101,"South Montebello, Montebello, CA",0.008
6037190301,"Central LA, Los Angeles, CA",0.0079
6037551402,"Downey, CA",0.0079
6037702300,"Sunset Park, Santa Monica, CA",0.0079
6037301701,"Pelanconi, Glendale, CA",0.0079
6037702202,"Sunset Park, Santa Monica, CA",0.0078
6037481605,"Alhambra, CA",0.0078
6037500700,"El Rancho, Pico Rivera, CA",0.0078
6037540300,"Lynwood, CA",0.0077
6037195100,"Silver Lake, Los Angeles, CA",0.0077
6037482521,"South Montebello, Rosemead, CA",0.0076
6037191810,"Central LA, Los Angeles, CA",0.0076
6037481603,"Alhambra, CA",0.0076
6037533403,"Maywood, CA",0.0076
6037181300,"Northeast Los Angeles, Los Angeles, CA",0.0076
6037191901,"Central LA, Los Angeles, CA",0.0075
6037186403,"Atwater Village, Los Angeles, CA",0.0075
6037192300,"Central LA, Los Angeles, CA",0.0075
6037216300,"Central LA, Los Angeles, CA",0.0074
6037302301,"Moorpark, Glendale, CA",0.0074
6037197300,"Echo Park, Los Angeles, CA",0.0074
6037481101,"San Gabriel, CA",0.0074
6037540102,"Lynwood, CA",0.0073
6037228100,"South Los Angeles, Los Angeles, CA",0.0073
6037221810,"South Los Angeles, Los Angeles, CA",0.0073
6037533002,"South Los Angeles, Los Angeles, CA",0.0072
6037601700,"Inglewood, CA",0.0072
6037551700,"Downey, CA",0.0072
6037194402,"Beverly Grove, Los Angeles, CA",0.0072
6037139801,"Tarzana, Los Angeles, CA",0.0072
6037214502,"Central LA, Los Angeles, CA",0.0072
6037216800,"Central LA, Los Angeles, CA",0.0071
6037535901,"South Gate, CA",0.0071
6037531503,"East Los Angeles, CA",0.0071
6037188300,"Atwater Village, Los Angeles, CA",0.0071
6037208000,"Central LA, Los Angeles, CA",0.0071
6037208610,"Central LA, Los Angeles, CA",0.007
6037552800,"Norwalk, CA",0.007
6037532102,"South Montebello, Montebello, CA",0.007
6037302202,"Mariposa, Glendale, CA",0.007
6037190402,"Central LA, Los Angeles, CA",0.007
6037273200,"Venice, Los Angeles, CA",0.007
6037262604,"Pacific Palisades, Los Angeles, CA",0.007
6037267901,"Century City, Los Angeles, CA",0.0069
6037269500,"Beverlywood, Los Angeles, CA",0.0069
6037211420,"Central LA, Los Angeles, CA",0.0068
6037531202,"Los Angeles, CA",0.0068
6037124000,"Valley Village, Los Angeles, CA",0.0068
6037213100,"Central LA, Los Angeles, CA",0.0068
6037482702,"South Montebello, Monterey Park, CA",0.0067
6037535603,"South Gate, CA",0.0067
6037189300,"Central LA, Los Angeles, CA",0.0067
6037273502,"Venice, Los Angeles, CA",0.0067
6037532606,"Huntington Park, CA",0.0066
6037482701,"South Montebello, Monterey Park, CA",0.0066
6037480304,"Alhambra, CA",0.0066
6037218210,"Central LA, Los Angeles, CA",0.0066
6037481500,"Alhambra, CA",0.0066
6037228710,"Central Alameda, Los Angeles, CA",0.0065
6037208904,"Central LA, Los Angeles, CA",0.0064
6037194401,"Beverly Grove, Los Angeles, CA",0.0064
6037535701,"South Gate, CA",0.0064
6037553602,"Paramount, CA",0.0063
6037480201,"San Gabriel, CA",0.0063
6037191610,"Central LA, Los Angeles, CA",0.0062
6037602200,"Los Angeles, CA",0.0061
6037482303,"Garvey, Rosemead, CA",0.0061
6037700801,"Beverly Hills, CA",0.0061
6037535604,"South Gate, CA",0.0061
6037532304,"South Montebello, Commerce, CA",0.0061
6037502301,"Whittier, CA",0.0061
6037530601,"Los Angeles, CA",0.006
6037239202,"South Los Angeles, Los Angeles, CA",0.006
6037192420,"Central LA, Los Angeles, CA",0.006
6037701602,"Mid-City, Santa Monica, CA",0.006
6037211804,"Central LA, Los Angeles, CA",0.006
6037199202,"Montecito Heights, Los Angeles, CA",0.006
6037551101,"Downey, CA",0.0059
6037239602,"South Los Angeles, Los Angeles, CA",0.0059
6037204600,"Boyle Heights, Los Angeles, CA",0.0059
6037141302,"Sherman Oaks, Los Angeles, CA",0.0059
6037700300,"Central LA, West Hollywood, CA",0.0058
6037482502,"Garvey, Rosemead, CA",0.0058
6037533902,"South Montebello, Bell Gardens, CA",0.0058
6037212620,"Central LA, Los Angeles, CA",0.0058
6037211500,"Central LA, Los Angeles, CA",0.0057
6037221601,"Jefferson, Los Angeles, CA",0.0057
6037301801,"Vineyard, Glendale, CA",0.0056
6037274100,"Venice, Marina del Rey, CA",0.0056
6037195600,"Los Angeles, CA",0.0056
6037189201,"Central LA, Los Angeles, CA",0.0056
6037601402,"Inglewood, CA",0.0056
6037533703,"Maywood, CA",0.0056
6037311600,"Burbank, CA",0.0056
6037190700,"Central LA, Los Angeles, CA",0.0056
6037276100,"Los Angeles, CA",0.0055
6037201700,"Northeast Los Angeles, Los Angeles, CA",0.0055
6037219300,"Jefferson, Los Angeles, CA",0.0054
6037302004,"Citrus Grove, Glendale, CA",0.0054
6037533804,"Bell, CA",0.0054
6037187101,"Atwater Village, Los Angeles, CA",0.0054
6037204410,"Central LA, Los Angeles, CA",0.0054
6037269000,"Cheviot Hills, Los Angeles, CA",0.0053
6037183103,"Highland Park, Los Angeles, CA",0.0053
6037265202,"Westwood, Los Angeles, CA",0.0053
6037206200,"Central LA, Los Angeles, CA",0.0053
6037183222,"Northeast Los Angeles, Los Angeles, CA",0.0053
6037534700,"Huntington Park, CA",0.0052
6037183820,"Northeast Los Angeles, Los Angeles, CA",0.0052
6037188202,"Central LA, Los Angeles, CA",0.0051
6037208710,"Central LA, Los Angeles, CA",0.0051
6037482600,"Garvey, Monterey Park, CA",0.005
6037181500,"Northeast Los Angeles, Los Angeles, CA",0.005
6037217002,"Central LA, Los Angeles, CA",0.005
6037214501,"Central LA, Los Angeles, CA",0.005
6037535605,"South Gate, CA",0.005
6037533401,"Maywood, CA",0.0049
6037481712,"Garvey, Monterey Park, CA",0.0049
6037201501,"Northeast Los Angeles, Los Angeles, CA",0.0048
6037530500,"East Los Angeles, CA",0.0048
6037702002,"Ocean Park, Santa Monica, CA",0.0048
6037701701,"Mid-City, Santa Monica, CA",0.0047
6037209401,"Central LA, Los Angeles, CA",0.0047
6037550601,"Downey, CA",0.0047
6037301802,"Vineyard, Glendale, CA",0.0047
6037208501,"Central LA, Los Angeles, CA",0.0047
6037534501,"Huntington Park, CA",0.0046
6037550400,"Downey, CA",0.0046
6037462400,"Bungalow Heaven, Pasadena, CA",0.0045
6037199000,"Northeast Los Angeles, Los Angeles, CA",0.0045
6037183520,"Northeast Los Angeles, Los Angeles, CA",0.0043
6037702700,"Park West, Culver City, CA",0.0043
6037124600,"Sherman Oaks, Los Angeles, CA",0.0043
6037602301,"Hawthorne, CA",0.0043
6037195804,"Silver Lake, Los Angeles, CA",0.0043
6037311700,"Burbank, CA",0.0043
6037216401,"Central LA, Los Angeles, CA",0.0042
6037535902,"South Gate, CA",0.0042
6037272302,"Mar Vista, Los Angeles, CA",0.0041
6037702501,"Carlson Park, Culver City, CA",0.0041
6037194500,"Central LA, Los Angeles, CA",0.0041
6037269300,"Cheviot Hills, Los Angeles, CA",0.0041
6037143604,"Studio City, Los Angeles, CA",0.0041
6037482304,"Garvey, Rosemead, CA",0.004
6037212702,"Central LA, Los Angeles, CA",0.004
6037204910,"Boyle Heights, Los Angeles, CA",0.004
6037462800,"Lamanda Park, Pasadena, CA",0.004
6037143800,"Studio City, Los Angeles, CA",0.0039
6037302201,"Citrus Grove, Glendale, CA",0.0039
6037480901,"Alhambra, CA",0.0039
6037535606,"South Gate, CA",0.0037
6037214100,"Central LA, Los Angeles, CA",0.0036
6037301900,"Downtown, Glendale, CA",0.0036
6037301100,"Rossmoyne, Glendale, CA",0.0036
6037276601,"Playa del Rey, Los Angeles, CA",0.0036
6037550700,"Downey, CA",0.0035
6037480400,"Alhambra, CA",0.0035
6037620101,"El Segundo, CA",0.0035
6037141600,"Sherman Oaks, Los Angeles, CA",0.0035
6037139502,"Encino, Los Angeles, CA",0.0035
6037531201,"Los Angeles, CA",0.0035
6037212800,"Central LA, Los Angeles, CA",0.0035
6037201601,"Northeast Los Angeles, Los Angeles, CA",0.0034
6037267100,"West Los Angeles, Los Angeles, CA",0.0034
6037218110,"Central LA, Los Angeles, CA",0.0034
6037273300,"Venice, Los Angeles, CA",0.0034
6037273100,"Venice, Los Angeles, CA",0.0034
6037264302,"Brentwood, Los Angeles, CA",0.0034
6037269100,"Pico - Robertson, Los Angeles, CA",0.0033
6037601202,"Inglewood, CA",0.0033
6037277000,"Westchester, Los Angeles, CA",0.0033
6037482002,"Monterey Park, CA",0.0033
6037237101,"South Figueroa Corridor, Los Angeles, CA",0.0033
6037231800,"South Figueroa Corridor, Los Angeles, CA",0.0032
6037229300,"South Figueroa Corridor, Los Angeles, CA",0.0032
6037195803,"Silver Lake, Los Angeles, CA",0.0032
6037480303,"Alhambra, CA",0.003
6037534803,"Huntington Park, CA",0.003
6037265510,"Westwood, Los Angeles, CA",0.003
6037551000,"Downey, CA",0.0029
6037553300,"Bellflower, CA",0.0029
6037216900,"Central LA, Los Angeles, CA",0.0029
6037209103,"Central LA, Los Angeles, CA",0.0029
6037275602,"Westchester, Los Angeles, CA",0.0029
6037195902,"Silver Lake, Los Angeles, CA",0.0028
6037482522,"South Montebello, Montebello, CA",0.0027
6037602002,"Hawthorne, CA",0.0027
6037534201,"South Montebello, Bell Gardens, CA",0.0027
6037139701,"Encino, Los Angeles, CA",0.0027
6037222100,"South Los Angeles, Los Angeles, CA",0.0027
6037701902,"Downtown, Santa Monica, CA",0.0027
6037302505,"Adams Hill, Glendale, CA",0.0027
6037551401,"Downey, CA",0.0026
6037267402,"West Los Angeles, Los Angeles, CA",0.0026
6037481103,"San Gabriel, CA",0.0025
6037532001,"South Montebello, Montebello, CA",0.0024
6037275311,"Los Angeles, CA",0.0024
6037536103,"South Gate, CA",0.0023
6037311400,"Burbank, CA",0.0023
6037271400,"Mar Vista, Los Angeles, CA",0.0022
6037262501,"Pacific Palisades, Los Angeles, CA",0.0022
6037701502,"Downtown, Santa Monica, CA",0.0021
6037482401,"Garvey, Rosemead, CA",0.0021
6037139703,"Encino, Los Angeles, CA",0.0021
6037272100,"Mar Vista, Los Angeles, CA",0.0021
6037206031,"Arts District, Los Angeles, CA",0.0021
6037531000,"Los Angeles, CA",0.002
6037191000,"Central LA, Los Angeles, CA",0.002
6037181400,"Northeast Los Angeles, Los Angeles, CA",0.0019
6037237720,"South Figueroa Corridor, Los Angeles, CA",0.0019
6037301204,"Verdugo Viejo, Glendale, CA",0.0019
6037214700,"Beverly Grove, Los Angeles, CA",0.0019
6037271100,"West Los Angeles, Los Angeles, CA",0.0019
6037276400,"Westchester, Los Angeles, CA",0.0018
6037195300,"Central LA, Los Angeles, CA",0.0018
6037219902,"Los Angeles, CA",0.0018
6037481002,"Alhambra, CA",0.0017
6037461700,"North Arroyo, Pasadena, CA",0.0017
6037702502,"Culver City, CA",0.0017
6037481714,"Monterey Park, CA",0.0017
6037603500,"Gardena, CA",0.0017
6037205120,"Central LA, Los Angeles, CA",0.0016
6037141303,"Sherman Oaks, Los Angeles, CA",0.0016
6037530004,"South Montebello, Montebello, CA",0.0016
6037480302,"Alhambra, CA",0.0016
6037533501,"Huntington Park, CA",0.0015
6037481604,"Alhambra, CA",0.0015
6037185100,"Mount Washington, Los Angeles, CA",0.0015
6037463601,"Pasadena, CA",0.0014
6037601600,"Inglewood, CA",0.0014
6037189800,"Central LA, Los Angeles, CA",0.0013
6037203500,"Boyle Heights, Los Angeles, CA",0.0012
6037482503,"Garvey, Rosemead, CA",0.0012
6037211803,"Central LA, Los Angeles, CA",0.0012
6037264301,"Brentwood, Los Angeles, CA",0.0012
6037531603,"East Los Angeles, CA",0.0011
6037261101,"Beverly Hills, CA",0.0011
6037190520,"Central LA, Los Angeles, CA",0.001
6037482101,"Monterey Park, CA",0.001
6037302003,"Citrus Grove, Glendale, CA",0.001
6037216402,"Central LA, Los Angeles, CA",0.0009
6037262704,"Pacific Palisades, Los Angeles, CA",0.0009
6037190902,"Central LA, Los Angeles, CA",0.0008
6037277200,"Westchester, Los Angeles, CA",0.0008
6037301206,"Glenwood, Glendale, CA",0.0008
6037481402,"San Gabriel, CA",0.0007
6037273902,"Venice, Los Angeles, CA",0.0007
6037271702,"Palms, Los Angeles, CA",0.0007
6037481901,"Alhambra, CA",0.0007
6037261200,"Beverly Glen, Los Angeles, CA",0.0007
6037480600,"South Pasadena, CA",0.0007
6037191302,"Central LA, Los Angeles, CA",0.0006
6037204920,"Boyle Heights, Los Angeles, CA",0.0006
6037143901,"Studio City, Los Angeles, CA",0.0005
6037550902,"Downey, CA",0.0004
6037204700,"Boyle Heights, Los Angeles, CA",0.0004
6037181000,"Northeast Los Angeles, Los Angeles, CA",0.0004
6037189701,"Central LA, Los Angeles, CA",0.0004
6037191410,"Central LA, Los Angeles, CA",0.0004
6037700802,"Beverly Hills, CA",0.0004
6037195710,"Los Angeles, CA",0.0003
6037214800,"Beverly Grove, Los Angeles, CA",0.0003
6037208903,"Central LA, Los Angeles, CA",0.0002
6037201302,"Northeast Los Angeles, Los Angeles, CA",0.0002
6037535400,"South Los Angeles, Los Angeles, CA",0.0002
6037190802,"Central LA, Los Angeles, CA",0.0001
6037214902,"Central LA, Los Angeles, CA",0.0001
6037480500,"South Pasadena, CA",0.0001
6037212410,"Central LA, Los Angeles, CA",0.0001
6037702801,"Clarkdale, Culver City, CA",0.0001
6037264102,"Brentwood, Los Angeles, CA",0
6037481711,"Monterey Park, CA",0
6037183702,"Northeast Los Angeles, Los Angeles, CA",0
6037217001,"Pico - Robertson, Los Angeles, CA",0
6037206010,"Central LA, Los Angeles, CA",0
6037221401,"Jefferson, Los Angeles, CA",0
6037209510,"Central LA, Los Angeles, CA",0
6037620301,"Manhattan Beach, CA",0
6037231220,"South Figueroa Corridor, Los Angeles, CA",0
6037208801,"Central LA, Los Angeles, CA",0
6037273800,"Venice, Los Angeles, CA",0
6037274202,"Venice, Marina del Rey, CA",0
6037276604,"Playa del Rey, Los Angeles, CA",0
6037272202,"Mar Vista, Los Angeles, CA",0
6037553400,"Downey, CA",0
6037143902,"Studio City, Los Angeles, CA",0
6037224310,"Central LA, Los Angeles, CA",0
6037204110,"Boyle Heights, Los Angeles, CA",0
6037620400,"Manhattan Beach, CA",0
6037301702,"Vineyard, Glendale, CA",0
6037189600,"Central LA, Los Angeles, CA",0
6037700902,"Beverly Hills, CA",0
6037211120,"Central LA, Los Angeles, CA",0
6037701501,"Wilshire Montana, Santa Monica, CA",0
6037211000,"Central LA, Los Angeles, CA",0
6037189101,"Central LA, Los Angeles, CA",0
6037207900,"Central LA, Los Angeles, CA",0
6037480002,"San Gabriel, CA",0
6037141700,"Sherman Oaks, Beverly Hills, CA",0
6037224410,"South Los Angeles, Los Angeles, CA",0
6037701202,"Wilshire Montana, Santa Monica, CA",0
6037214600,"Central LA, Los Angeles, CA",0
6037270300,"Central LA, Los Angeles, CA",0
6037550800,"Downey, CA",0
6037701302,"Wilshire Montana, Santa Monica, CA",0
6037267403,"West Los Angeles, Los Angeles, CA",0
6037267502,"West Los Angeles, Los Angeles, CA",0
6037480202,"San Gabriel, CA",0
6037189905,"Central LA, Los Angeles, CA",0
6037265303,"Westwood, Los Angeles, CA",0
6037216100,"Central LA, Los Angeles, CA",0
6037125501,"North Hollywood, Los Angeles, CA",0
6037462500,"Pasadena, CA",0
6037192001,"Central LA, Los Angeles, CA",0
6037213202,"Central LA, Los Angeles, CA",0
6037189702,"Hollywood Hills, Los Angeles, CA",0
6037211704,"Central LA, Los Angeles, CA",0
6037267300,"West Los Angeles, Los Angeles, CA",0
6037191110,"Central LA, Los Angeles, CA",0
6037221402,"Central LA, Los Angeles, CA",0
6037530006,"South Montebello, Montebello, CA",0
6037208902,"Central LA, Los Angeles, CA",0
6037141400,"Encino, Los Angeles, CA",0
6037540400,"South Los Angeles, Los Angeles, CA",0
6037278102,"Playa del Rey, Los Angeles, CA",0
6037300901,"Chevy Chase, Glendale, CA",0
6037143602,"Studio City, Los Angeles, CA",0
6037600703,"Morningside Park, Inglewood, CA",0
6037141202,"Sherman Oaks, Los Angeles, CA",0
6037214503,"Central LA, Los Angeles, CA",0
6037139702,"Encino, Los Angeles, CA",0
6037540501,"Lynwood, CA",0
6037482301,"Garvey, San Gabriel, CA",0
6037208401,"Central LA, Los Angeles, CA",0
6037212101,"Central LA, Los Angeles, CA",0
6037190510,"Central LA, Los Angeles, CA",0
6037213401,"Central LA, Los Angeles, CA",0
6037278001,"Westchester, Los Angeles, CA",0
6037463500,"Pasadena, CA",0
6037265520,"Westwood, Los Angeles, CA",0
6037191620,"Central LA, Los Angeles, CA",0
6037464200,"San Marino, CA",0
6037125100,"Valley Village, Los Angeles, CA",0
6037269800,"Castle Heights, Los Angeles, CA",0
6037463400,"Pasadena, CA",0
6037190201,"Central LA, Los Angeles, CA",0
6037701100,"West Los Angeles, Los Angeles, CA",0
6037192002,"Central LA, Los Angeles, CA",0
6037701201,"North of Montana, Santa Monica, CA",0
6037221303,"Central LA, Los Angeles, CA",0
6037224020,"South Los Angeles, Los Angeles, CA",0
6037262706,"Pacific Palisades, Los Angeles, CA",0
6037702201,"Sunset Park, Santa Monica, CA",0
6037261102,"Beverly Hills, CA",0
6037143200,"West Toluca Lake, Los Angeles, CA",0
6037271300,"Mar Vista, Los Angeles, CA",0
6037464000,"Pasadena, CA",0
6037221120,"Central LA, Los Angeles, CA",0
6037207102,"Central LA, Los Angeles, CA",0
6037500500,"El Rancho, Pico Rivera, CA",0
6037277100,"Westchester, Los Angeles, CA",0
6037212202,"Central LA, Los Angeles, CA",0
6037212610,"Central LA, Los Angeles, CA",0
6037272301,"Mar Vista, Los Angeles, CA",0
6037183104,"Northeast Los Angeles, Los Angeles, CA",0
6037215101,"Central LA, Los Angeles, CA",0
6037700700,"The Flats, Beverly Hills, CA",0
6037701402,"Wilshire Montana, Santa Monica, CA",0
6037207103,"Central LA, Los Angeles, CA",0
6037213201,"Central LA, Los Angeles, CA",0
6037700502,"Central LA, West Hollywood, CA",0
6037265201,"Westwood, Los Angeles, CA",0
6037183300,"Northeast Los Angeles, Los Angeles, CA",0
6037267800,"West Los Angeles, Los Angeles, CA",0
6037141500,"Encino, Los Angeles, CA",0
6037480704,"South Pasadena, CA",0
6037209810,"Central LA, Los Angeles, CA",0
6037276603,"Playa del Rey, Los Angeles, CA",0
6037701304,"North of Montana, Santa Monica, CA",0
6037221304,"Central LA, Los Angeles, CA",0
6037267902,"Rancho Park, Los Angeles, CA",0
6037267600,"Sawtelle, Los Angeles, CA",0
6037143500,"Studio City, Los Angeles, CA",0
6037463602,"Pasadena, CA",0
6037262301,"Los Angeles, CA",0
6037191902,"Central LA, Los Angeles, CA",0
6037265410,"Los Angeles, CA",0
6037143603,"North Hollywood, Los Angeles, CA",0
6037189202,"Central LA, Los Angeles, CA",0
6037199120,"Montecito Heights, Los Angeles, CA",0
6037213310,"Central LA, Los Angeles, CA",0
6037214901,"Beverly Grove, West Hollywood, CA",0
6037188201,"Central LA, Los Angeles, CA",0
6037211410,"Central LA, Los Angeles, CA",0
6037191820,"Central LA, Los Angeles, CA",0
6037139802,"Tarzana, Los Angeles, CA",0
6037701702,"Downtown, Santa Monica, CA",0
6037533502,"Huntington Park, CA",0
6037265601,"Westwood, Los Angeles, CA",0
6037125402,"North Hollywood, Los Angeles, CA",0
6037214000,"Central LA, Los Angeles, CA",0
6037275400,"Los Angeles, CA",0
6037195201,"Central LA, Los Angeles, CA",0
6037600304,"South Los Angeles, Los Angeles, CA",0
6037265100,"Westwood, Los Angeles, CA",0
6037190401,"Central LA, Los Angeles, CA",0
6037211201,"Central LA, Los Angeles, CA",0
6037532603,"Huntington Park, CA",0
6037125502,"North Hollywood, Los Angeles, CA",0
6037212303,"Central LA, Los Angeles, CA",0
6037701000,"Beverly Hills, CA",0
6037267200,"West Los Angeles, Los Angeles, CA",0
6037463800,"Northeast Los Angeles, Pasadena, CA",0
6037186202,"Northeast Los Angeles, Los Angeles, CA",0
6037530204,"South Montebello, Montebello, CA",0
6037271600,"Mar Vista, Los Angeles, CA",0
6037272201,"Mar Vista, Los Angeles, CA",0
6037190801,"Central LA, Los Angeles, CA",0
6037212304,"Central LA, Los Angeles, CA",0
6037210010,"Central LA, Los Angeles, CA",0
6037271200,"Sawtelle, Los Angeles, CA",0
6037701601,"Northeast, Santa Monica, CA",0
6037464100,"San Marino, CA",0
6037194101,"Central LA, Los Angeles, CA",0
6037302103,"Citrus Grove, Glendale, CA",0
6037980030,"El Segundo, CA",
6037265301,"Westwood, Los Angeles, CA",
6037980013,"El Segundo, CA",
6037207400,"Central LA, Los Angeles, CA",
6037980010,"Echo Park, Los Angeles, CA",
6037551600,"Downey, CA",
6037206020,"Central LA, Los Angeles, CA",
6037980028,"Los Angeles, CA",
6037265304,"Westwood, Los Angeles, CA",
6037222700,"South Los Angeles, Los Angeles, CA",
6037980024,"Encino, Los Angeles, CA",
6037320000,"North Hollywood, Universal City, CA",
6037980009,"Los Angeles, CA",